{
  "type": "FeatureCollection",
  "properties": {
    "source": "https://overpass.kumi.systems/api/interpreter",
    "query": "[out:json][timeout:120];(\n  way[railway=monorail](51.20,7.08,51.32,7.25);\n  way[highway=primary][ref~\"(^|;)B ?7($|;)\"](51.20,7.08,51.32,7.25);\n);out tags geom;",
    "capturedAt": "2026-09-16T12:53:37.908Z",
    "license": "ODbL 1.0",
    "attribution": "© OpenStreetMap contributors"
  },
  "features": [
    {
      "type": "Feature",
      "properties": {
        "osmWayId": 4991630,
        "bus:lanes": "yes|yes|designated",
        "check_date": "2024-03-18",
        "foot": "no",
        "highway": "primary",
        "lanes": "3",
        "lit": "yes",
        "maxlength": "10",
        "maxspeed": "50",
        "name": "Bundesallee",
        "oneway": "yes",
        "ref": "B 7",
        "sidewalk": "no",
        "source:position": "Bing Aerial Map",
        "surface": "asphalt"
      },
      "geometry": {
        "type": "LineString",
        "coordinates": [
          [
            7.1340171,
            51.2529376
          ],
          [
            7.1341596,
            51.2529717
          ],
          [
            7.1344452,
            51.2530406
          ]
        ]
      }
    },
    {
      "type": "Feature",
      "properties": {
        "osmWayId": 5192269,
        "check_date": "2024-03-18",
        "cycleway": "lane",
        "highway": "primary",
        "lanes": "3",
        "lanes:backward": "2",
        "lit": "yes",
        "maxspeed": "30",
        "name": "Varresbecker Straße",
        "ref": "B 7",
        "sidewalk": "both",
        "sidewalk:both:surface": "paving_stones",
        "surface": "asphalt",
        "turn:lanes:backward": "left|right"
      },
      "geometry": {
        "type": "LineString",
        "coordinates": [
          [
            7.1057846,
            51.2459254
          ],
          [
            7.1056414,
            51.2459814
          ],
          [
            7.1054224,
            51.2460816
          ],
          [
            7.1053636,
            51.2461171
          ],
          [
            7.1052869,
            51.2461949
          ],
          [
            7.1051448,
            51.2464854
          ]
        ]
      }
    },
    {
      "type": "Feature",
      "properties": {
        "osmWayId": 5980164,
        "cycleway:both": "lane",
        "cycleway:both:lane": "exclusive",
        "highway": "primary",
        "lanes": "2",
        "lit": "yes",
        "maxspeed": "50",
        "name": "Friedrich-Ebert-Straße",
        "name:etymology:wikidata": "Q2646",
        "name:etymology:wikipedia": "de:Friedrich Ebert",
        "postal_code": "42117",
        "ref": "B 7",
        "sidewalk": "both",
        "sidewalk:both:surface": "paving_stones",
        "surface": "asphalt",
        "wikidata": "Q1457731",
        "wikipedia": "Friedrich-Ebert-Straße (Wuppertal)"
      },
      "geometry": {
        "type": "LineString",
        "coordinates": [
          [
            7.1209703,
            51.2488984
          ],
          [
            7.1219021,
            51.2487839
          ],
          [
            7.1221776,
            51.2487579
          ],
          [
            7.1224149,
            51.2487504
          ],
          [
            7.1226701,
            51.2487577
          ],
          [
            7.1229805,
            51.2487959
          ],
          [
            7.1233098,
            51.2488515
          ],
          [
            7.123397,
            51.2488764
          ],
          [
            7.1235045,
            51.248907
          ],
          [
            7.1236604,
            51.2489661
          ],
          [
            7.1238269,
            51.2490398
          ],
          [
            7.1243452,
            51.2492796
          ],
          [
            7.124582,
            51.2493937
          ],
          [
            7.1246613,
            51.2494321
          ],
          [
            7.1248279,
            51.2495106
          ]
        ]
      }
    },
    {
      "type": "Feature",
      "properties": {
        "osmWayId": 5980280,
        "cycleway": "lane",
        "highway": "primary",
        "lanes": "3",
        "lit": "yes",
        "maxspeed": "50",
        "name": "Friedrich-Ebert-Straße",
        "name:etymology:wikidata": "Q2646",
        "name:etymology:wikipedia": "de:Friedrich Ebert",
        "ref": "B 7",
        "sidewalk": "both",
        "sidewalk:both:surface": "paving_stones",
        "surface": "asphalt",
        "wikidata": "Q1457731",
        "wikipedia": "Friedrich-Ebert-Straße (Wuppertal)"
      },
      "geometry": {
        "type": "LineString",
        "coordinates": [
          [
            7.1057846,
            51.2459254
          ],
          [
            7.1059561,
            51.2460653
          ],
          [
            7.1060369,
            51.2461326
          ],
          [
            7.1062616,
            51.2463161
          ]
        ]
      }
    },
    {
      "type": "Feature",
      "properties": {
        "osmWayId": 5980380,
        "cycleway:both": "no",
        "foot": "no",
        "highway": "primary",
        "lanes": "2",
        "lit": "yes",
        "maxspeed": "50",
        "name": "Friedrich-Engels-Allee",
        "oneway": "yes",
        "parking:left": "no",
        "parking:right": "on_kerb",
        "parking:right:orientation": "parallel",
        "ref": "B 7",
        "sidewalk": "right",
        "surface": "asphalt",
        "wikipedia": "de:Friedrich-Engels-Allee"
      },
      "geometry": {
        "type": "LineString",
        "coordinates": [
          [
            7.1701252,
            51.2607093
          ],
          [
            7.1695011,
            51.2605359
          ],
          [
            7.1692422,
            51.2604449
          ],
          [
            7.1691837,
            51.2604151
          ]
        ]
      }
    },
    {
      "type": "Feature",
      "properties": {
        "osmWayId": 5980425,
        "bridge": "yes",
        "cycleway:both": "no",
        "foot": "no",
        "highway": "primary",
        "lanes": "4",
        "layer": "1",
        "lit": "yes",
        "maxheight": "none",
        "maxspeed": "50",
        "maxweight:signed": "no",
        "name": "Friedrich-Engels-Allee",
        "oneway": "yes",
        "parking:both": "no",
        "placement": "right_of:3",
        "ref": "B 7",
        "sidewalk": "no",
        "surface": "asphalt",
        "turn:lanes": "left|left|through|through",
        "wikipedia": "de:Friedrich-Engels-Allee"
      },
      "geometry": {
        "type": "LineString",
        "coordinates": [
          [
            7.1970047,
            51.2698008
          ],
          [
            7.1968189,
            51.2697206
          ]
        ]
      }
    },
    {
      "type": "Feature",
      "properties": {
        "osmWayId": 5980677,
        "bridge": "yes",
        "cycleway:right": "no",
        "foot": "no",
        "highway": "primary",
        "lanes": "2",
        "layer": "1",
        "maxspeed": "50",
        "maxweight:signed": "no",
        "name": "Bundesallee",
        "oneway": "yes",
        "ref": "B 7",
        "sidewalk": "no",
        "surface": "asphalt",
        "turn:lanes": "through|through"
      },
      "geometry": {
        "type": "LineString",
        "coordinates": [
          [
            7.1416234,
            51.2546976
          ],
          [
            7.1415067,
            51.2546935
          ],
          [
            7.1413073,
            51.2546873
          ]
        ]
      }
    },
    {
      "type": "Feature",
      "properties": {
        "osmWayId": 5980726,
        "cycleway": "lane",
        "highway": "primary",
        "lanes": "2",
        "lit": "yes",
        "maxspeed": "50",
        "name": "Höfen",
        "oneway": "yes",
        "ref": "B 7",
        "sidewalk": "right",
        "surface": "asphalt"
      },
      "geometry": {
        "type": "LineString",
        "coordinates": [
          [
            7.2321397,
            51.2760409
          ],
          [
            7.2313722,
            51.2760528
          ],
          [
            7.2312744,
            51.276053
          ],
          [
            7.2309861,
            51.27605
          ],
          [
            7.2307314,
            51.2760457
          ],
          [
            7.2305182,
            51.276035
          ]
        ]
      }
    },
    {
      "type": "Feature",
      "properties": {
        "osmWayId": 5980731,
        "cycleway:right": "share_busway",
        "highway": "primary",
        "lanes": "3",
        "lit": "yes",
        "maxspeed": "50",
        "name": "Bundesallee",
        "oneway": "yes",
        "ref": "B 7",
        "sidewalk": "right",
        "surface": "asphalt",
        "vehicle:lanes": "yes|yes|no"
      },
      "geometry": {
        "type": "LineString",
        "coordinates": [
          [
            7.1414309,
            51.2545655
          ],
          [
            7.1414657,
            51.2545666
          ],
          [
            7.1416442,
            51.2545721
          ],
          [
            7.1418942,
            51.2545799
          ]
        ]
      }
    },
    {
      "type": "Feature",
      "properties": {
        "osmWayId": 6075470,
        "cycleway:both": "no",
        "highway": "primary",
        "lanes": "3",
        "lit": "yes",
        "maxspeed": "50",
        "name": "Bundesallee",
        "oneway": "yes",
        "parking:both": "no",
        "ref": "B 7",
        "sidewalk": "right",
        "surface": "asphalt"
      },
      "geometry": {
        "type": "LineString",
        "coordinates": [
          [
            7.1582041,
            51.2561791
          ],
          [
            7.1581648,
            51.2561815
          ],
          [
            7.1579652,
            51.2561966
          ],
          [
            7.1579166,
            51.2562003
          ],
          [
            7.1577619,
            51.256213
          ],
          [
            7.157575,
            51.2562284
          ]
        ]
      }
    },
    {
      "type": "Feature",
      "properties": {
        "osmWayId": 6076570,
        "cycleway:both": "no",
        "highway": "primary",
        "lanes": "4",
        "lanes:backward": "2",
        "lanes:forward": "2",
        "lit": "yes",
        "maxspeed": "50",
        "name": "Friedrich-Engels-Allee",
        "parking:both": "on_kerb",
        "parking:both:orientation": "parallel",
        "ref": "B 7",
        "sidewalk": "both",
        "surface": "asphalt",
        "wikipedia": "de:Friedrich-Engels-Allee"
      },
      "geometry": {
        "type": "LineString",
        "coordinates": [
          [
            7.1701252,
            51.2607093
          ],
          [
            7.1711334,
            51.2610309
          ],
          [
            7.1711524,
            51.261037
          ],
          [
            7.1714286,
            51.2611251
          ]
        ]
      }
    },
    {
      "type": "Feature",
      "properties": {
        "osmWayId": 6527078,
        "cycleway": "shared_lane",
        "highway": "primary",
        "lanes": "4",
        "lanes:backward": "2",
        "lanes:forward": "2",
        "lit": "yes",
        "maxspeed": "50",
        "name": "Höfen",
        "ref": "B 7",
        "sidewalk": "both",
        "surface": "asphalt"
      },
      "geometry": {
        "type": "LineString",
        "coordinates": [
          [
            7.2321397,
            51.2760409
          ],
          [
            7.2324251,
            51.2760585
          ],
          [
            7.232578,
            51.2760752
          ],
          [
            7.2327033,
            51.2760963
          ],
          [
            7.2328354,
            51.2761254
          ],
          [
            7.2330272,
            51.2761826
          ],
          [
            7.2332104,
            51.276258
          ],
          [
            7.2334066,
            51.2763554
          ],
          [
            7.233644,
            51.2764978
          ],
          [
            7.2338333,
            51.2766113
          ],
          [
            7.2339767,
            51.2766902
          ],
          [
            7.2341068,
            51.2767502
          ],
          [
            7.2341709,
            51.2767797
          ],
          [
            7.2342953,
            51.2768309
          ],
          [
            7.2344005,
            51.2768672
          ]
        ]
      }
    },
    {
      "type": "Feature",
      "properties": {
        "osmWayId": 6527080,
        "cycleway": "shared_lane",
        "highway": "primary",
        "lanes": "2",
        "lit": "yes",
        "maxspeed": "50",
        "name": "Dahler Straße",
        "oneway": "yes",
        "ref": "B 7",
        "sidewalk": "right",
        "sidewalk:right:surface": "paving_stones",
        "surface": "asphalt"
      },
      "geometry": {
        "type": "LineString",
        "coordinates": [
          [
            7.2400989,
            51.280696
          ],
          [
            7.2404255,
            51.2807035
          ],
          [
            7.2407251,
            51.2807506
          ]
        ]
      }
    },
    {
      "type": "Feature",
      "properties": {
        "osmWayId": 24404476,
        "cycleway:right": "separate",
        "highway": "primary",
        "lanes": "2",
        "lit": "yes",
        "maxspeed": "50",
        "name": "Berliner Straße",
        "name:etymology:wikidata": "Q64",
        "oneway": "yes",
        "ref": "B 7",
        "sidewalk:left": "no",
        "sidewalk:right": "separate",
        "sidewalk:right:surface": "paving_stones",
        "smoothness": "good",
        "surface": "asphalt"
      },
      "geometry": {
        "type": "LineString",
        "coordinates": [
          [
            7.2069222,
            51.2729563
          ],
          [
            7.2069826,
            51.2730059
          ],
          [
            7.2070459,
            51.2730518
          ],
          [
            7.2072213,
            51.2731632
          ],
          [
            7.2073759,
            51.2732447
          ],
          [
            7.2075387,
            51.27332
          ],
          [
            7.2077053,
            51.2733952
          ],
          [
            7.2078715,
            51.2734677
          ],
          [
            7.2080044,
            51.2735254
          ],
          [
            7.2082668,
            51.2736295
          ],
          [
            7.2086689,
            51.273756
          ],
          [
            7.2090507,
            51.2738733
          ],
          [
            7.2093945,
            51.2739588
          ],
          [
            7.2097006,
            51.2740009
          ],
          [
            7.2100741,
            51.2740393
          ],
          [
            7.2111526,
            51.274152
          ]
        ]
      }
    },
    {
      "type": "Feature",
      "properties": {
        "osmWayId": 24497194,
        "bridge": "yes",
        "cycleway:both": "no",
        "highway": "primary",
        "lanes": "2",
        "layer": "1",
        "lit": "yes",
        "maxheight": "default",
        "maxspeed": "50",
        "maxweight:signed": "no",
        "name": "Bundesallee",
        "oneway": "yes",
        "ref": "B 7",
        "sidewalk": "right",
        "surface": "asphalt"
      },
      "geometry": {
        "type": "LineString",
        "coordinates": [
          [
            7.1536391,
            51.2561684
          ],
          [
            7.1541063,
            51.2561598
          ]
        ]
      }
    },
    {
      "type": "Feature",
      "properties": {
        "osmWayId": 24520378,
        "cycleway:left": "no",
        "cycleway:right": "separate",
        "highway": "primary",
        "lanes": "3",
        "lit": "yes",
        "maxspeed": "50",
        "name": "Bundesallee",
        "oneway": "yes",
        "ref": "B 7",
        "sidewalk:left": "no",
        "sidewalk:right": "separate",
        "surface": "asphalt"
      },
      "geometry": {
        "type": "LineString",
        "coordinates": [
          [
            7.1532603,
            51.2562935
          ],
          [
            7.153023,
            51.2562792
          ],
          [
            7.1528788,
            51.2562729
          ],
          [
            7.1526273,
            51.2562725
          ],
          [
            7.1523392,
            51.2562802
          ]
        ]
      }
    },
    {
      "type": "Feature",
      "properties": {
        "osmWayId": 24520381,
        "bridge": "yes",
        "cycleway:both": "no",
        "highway": "primary",
        "lanes": "3",
        "layer": "1",
        "lit": "yes",
        "maxheight": "default",
        "maxspeed": "50",
        "maxweight:signed": "no",
        "name": "Bundesallee",
        "oneway": "yes",
        "ref": "B 7",
        "sidewalk": "right",
        "surface": "asphalt"
      },
      "geometry": {
        "type": "LineString",
        "coordinates": [
          [
            7.153895,
            51.256291
          ],
          [
            7.1537844,
            51.2562926
          ],
          [
            7.1534372,
            51.2562981
          ]
        ]
      }
    },
    {
      "type": "Feature",
      "properties": {
        "osmWayId": 24520463,
        "check_date:cycleway": "2025-01-30",
        "cycleway:both": "no",
        "highway": "primary",
        "lanes": "2",
        "lit": "yes",
        "maxspeed": "50",
        "name": "Friedrich-Engels-Allee",
        "oneway": "yes",
        "parking:left": "no",
        "parking:right": "on_kerb",
        "parking:right:orientation": "parallel",
        "ref": "B 7",
        "sidewalk": "right",
        "surface": "asphalt",
        "wikipedia": "de:Friedrich-Engels-Allee"
      },
      "geometry": {
        "type": "LineString",
        "coordinates": [
          [
            7.1595867,
            51.2559962
          ],
          [
            7.1598668,
            51.2560106
          ],
          [
            7.1600605,
            51.2560288
          ],
          [
            7.1602968,
            51.2560533
          ],
          [
            7.1605651,
            51.2560933
          ]
        ]
      }
    },
    {
      "type": "Feature",
      "properties": {
        "osmWayId": 24520466,
        "bridge": "yes",
        "cycleway:left": "no",
        "cycleway:right": "lane",
        "cycleway:right:lane": "exclusive",
        "highway": "primary",
        "lanes": "3",
        "layer": "1",
        "lit": "yes",
        "maxspeed": "50",
        "maxweight:signed": "no",
        "name": "Friedrich-Engels-Allee",
        "oneway": "yes",
        "parking:both": "no",
        "ref": "B 7",
        "shoulder": "no",
        "sidewalk": "right",
        "surface": "asphalt",
        "turn:lanes": "left|through|through;right"
      },
      "geometry": {
        "type": "LineString",
        "coordinates": [
          [
            7.1595865,
            51.2561441
          ],
          [
            7.1594527,
            51.2561379
          ]
        ]
      }
    },
    {
      "type": "Feature",
      "properties": {
        "osmWayId": 24540620,
        "bridge": "yes",
        "bus:lanes": "yes|yes|yes|designated",
        "cycleway:right": "share_busway",
        "highway": "primary",
        "lanes": "4",
        "layer": "1",
        "level": "0",
        "maxspeed": "50",
        "maxweight:signed": "no",
        "name": "Bundesallee",
        "oneway": "yes",
        "ref": "B 7",
        "shoulder": "no",
        "sidewalk": "right",
        "surface": "asphalt",
        "turn:lanes": "left|through|through|through"
      },
      "geometry": {
        "type": "LineString",
        "coordinates": [
          [
            7.1408195,
            51.2545436
          ],
          [
            7.1409215,
            51.2545478
          ],
          [
            7.1410755,
            51.2545531
          ],
          [
            7.1411796,
            51.2545564
          ]
        ]
      }
    },
    {
      "type": "Feature",
      "properties": {
        "osmWayId": 24580016,
        "cycleway:both": "no",
        "highway": "primary",
        "lanes": "2",
        "lit": "yes",
        "maxspeed": "50",
        "name": "Bundesallee",
        "oneway": "yes",
        "ref": "B 7",
        "sidewalk": "right",
        "surface": "asphalt"
      },
      "geometry": {
        "type": "LineString",
        "coordinates": [
          [
            7.1541063,
            51.2561598
          ],
          [
            7.1541897,
            51.2561579
          ],
          [
            7.1547763,
            51.2561497
          ],
          [
            7.1550907,
            51.2561566
          ]
        ]
      }
    },
    {
      "type": "Feature",
      "properties": {
        "osmWayId": 24580017,
        "check_date:cycleway": "2025-10-10",
        "cycleway:both": "no",
        "highway": "primary",
        "lanes": "2",
        "lit": "yes",
        "maxspeed": "50",
        "name": "Bundesallee",
        "oneway": "yes",
        "ref": "B 7",
        "sidewalk": "right",
        "sidewalk:right:surface": "asphalt",
        "smoothness": "good",
        "surface": "asphalt"
      },
      "geometry": {
        "type": "LineString",
        "coordinates": [
          [
            7.1584785,
            51.2560319
          ],
          [
            7.1586769,
            51.2560175
          ]
        ]
      }
    },
    {
      "type": "Feature",
      "properties": {
        "osmWayId": 24586627,
        "check_date": "2024-03-18",
        "highway": "primary",
        "lanes": "3",
        "lit": "yes",
        "maxspeed": "50",
        "name": "Düsseldorfer Straße",
        "oneway": "yes",
        "ref": "B 7",
        "sidewalk": "right",
        "surface": "asphalt",
        "turn:lanes": "left|through|through;right"
      },
      "geometry": {
        "type": "LineString",
        "coordinates": [
          [
            7.0922187,
            51.2559577
          ],
          [
            7.0918716,
            51.2560066
          ],
          [
            7.091567,
            51.2560671
          ],
          [
            7.0912596,
            51.2561294
          ],
          [
            7.0911617,
            51.2561504
          ],
          [
            7.0911131,
            51.2561608
          ],
          [
            7.0909616,
            51.256197
          ],
          [
            7.0908942,
            51.2562153
          ]
        ]
      }
    },
    {
      "type": "Feature",
      "properties": {
        "osmWayId": 24586777,
        "foot": "use_sidepath",
        "highway": "primary",
        "lanes": "2",
        "maxspeed": "50",
        "name": "Düsseldorfer Straße",
        "oneway": "yes",
        "ref": "B 7",
        "sidewalk": "no",
        "surface": "asphalt",
        "turn:lanes": "through|right"
      },
      "geometry": {
        "type": "LineString",
        "coordinates": [
          [
            7.0852173,
            51.2564799
          ],
          [
            7.0853285,
            51.2564722
          ],
          [
            7.0854041,
            51.2564707
          ],
          [
            7.0856122,
            51.256502
          ]
        ]
      }
    },
    {
      "type": "Feature",
      "properties": {
        "osmWayId": 24586780,
        "highway": "primary",
        "lanes": "3",
        "lanes:backward": "1",
        "lanes:forward": "2",
        "lit": "yes",
        "maxspeed": "50",
        "name": "Düsseldorfer Straße",
        "ref": "B 7",
        "sidewalk": "both",
        "surface": "asphalt"
      },
      "geometry": {
        "type": "LineString",
        "coordinates": [
          [
            7.0922187,
            51.2559577
          ],
          [
            7.092596,
            51.2559496
          ],
          [
            7.0936758,
            51.2559372
          ],
          [
            7.0940368,
            51.2559363
          ],
          [
            7.0940937,
            51.2559363
          ],
          [
            7.0942044,
            51.255936
          ],
          [
            7.0947197,
            51.2559346
          ],
          [
            7.0948393,
            51.2559332
          ],
          [
            7.0949086,
            51.2559322
          ],
          [
            7.0949633,
            51.2559314
          ],
          [
            7.0950112,
            51.2559307
          ],
          [
            7.095086,
            51.2559302
          ],
          [
            7.0952151,
            51.2559298
          ],
          [
            7.0960478,
            51.2559234
          ]
        ]
      }
    },
    {
      "type": "Feature",
      "properties": {
        "osmWayId": 24729399,
        "check_date:lit": "2025-12-09",
        "cycleway:right": "no",
        "foot": "no",
        "highway": "primary",
        "lanes": "2",
        "lit": "yes",
        "maxspeed": "50",
        "name": "Berliner Straße",
        "oneway": "yes",
        "ref": "B 7",
        "sidewalk:left": "no",
        "sidewalk:right": "separate",
        "surface": "asphalt"
      },
      "geometry": {
        "type": "LineString",
        "coordinates": [
          [
            7.2285745,
            51.2754942
          ],
          [
            7.2287083,
            51.2755256
          ]
        ]
      }
    },
    {
      "type": "Feature",
      "properties": {
        "osmWayId": 24729400,
        "check_date:lit": "2025-12-09",
        "cycleway:right": "no",
        "highway": "primary",
        "lanes": "2",
        "lit": "yes",
        "maxspeed": "50",
        "name": "Berliner Straße",
        "oneway": "yes",
        "ref": "B 7",
        "sidewalk": "right",
        "sidewalk:right:surface": "paving_stones",
        "surface": "asphalt"
      },
      "geometry": {
        "type": "LineString",
        "coordinates": [
          [
            7.228543,
            51.2756082
          ],
          [
            7.2270673,
            51.2752841
          ],
          [
            7.2268234,
            51.2752268
          ]
        ]
      }
    },
    {
      "type": "Feature",
      "properties": {
        "osmWayId": 24729432,
        "cycleway:both": "lane",
        "cycleway:both:lane": "advisory",
        "highway": "primary",
        "lanes": "5",
        "lanes:backward": "3",
        "lanes:forward": "2",
        "lit": "yes",
        "maxspeed": "50",
        "name": "Dahler Straße",
        "placement:backward": "right_of:2",
        "ref": "B 7",
        "sidewalk": "both",
        "surface": "asphalt",
        "turn:lanes:backward": "left|through|through"
      },
      "geometry": {
        "type": "LineString",
        "coordinates": [
          [
            7.2354795,
            51.2771352
          ],
          [
            7.2357073,
            51.2771897
          ],
          [
            7.2357751,
            51.2772066
          ],
          [
            7.2358473,
            51.2772238
          ],
          [
            7.2359907,
            51.2772598
          ],
          [
            7.2360496,
            51.277282
          ],
          [
            7.2362645,
            51.277363
          ]
        ]
      }
    },
    {
      "type": "Feature",
      "properties": {
        "osmWayId": 24729445,
        "cycleway:right": "shared_lane",
        "cycleway:right:lane": "dashed",
        "highway": "primary",
        "lanes": "2",
        "lit": "yes",
        "maxspeed": "50",
        "name": "Jesinghauser Straße",
        "oneway": "yes",
        "parking:both": "no",
        "priority_road": "designated",
        "ref": "B 7",
        "sidewalk": "no",
        "surface": "asphalt"
      },
      "geometry": {
        "type": "LineString",
        "coordinates": [
          [
            7.2441186,
            51.2809096
          ],
          [
            7.2442989,
            51.2808989
          ],
          [
            7.2446802,
            51.2808772
          ]
        ]
      }
    },
    {
      "type": "Feature",
      "properties": {
        "osmWayId": 24729455,
        "cycleway": "shared_lane",
        "foot": "no",
        "highway": "primary",
        "lanes": "2",
        "lit": "yes",
        "maxspeed": "50",
        "name": "Dahler Straße",
        "oneway": "yes",
        "parking:both": "no",
        "priority_road": "designated",
        "ref": "B 7",
        "sidewalk": "no",
        "surface": "asphalt"
      },
      "geometry": {
        "type": "LineString",
        "coordinates": [
          [
            7.2441047,
            51.2810369
          ],
          [
            7.2439149,
            51.2810456
          ],
          [
            7.2436298,
            51.2810596
          ]
        ]
      }
    },
    {
      "type": "Feature",
      "properties": {
        "osmWayId": 25931032,
        "foot": "use_sidepath",
        "highway": "primary",
        "lanes": "2",
        "maxspeed": "50",
        "name": "Düsseldorfer Straße",
        "oneway": "yes",
        "ref": "B 7",
        "sidewalk": "no",
        "surface": "asphalt"
      },
      "geometry": {
        "type": "LineString",
        "coordinates": [
          [
            7.0876221,
            51.2566233
          ],
          [
            7.0878569,
            51.2566101
          ],
          [
            7.0882826,
            51.2565773
          ]
        ]
      }
    },
    {
      "type": "Feature",
      "properties": {
        "osmWayId": 25931067,
        "foot": "use_sidepath",
        "highway": "primary",
        "lanes": "1",
        "maxspeed": "50",
        "name": "Düsseldorfer Straße",
        "oneway": "yes",
        "ref": "B 7",
        "sidewalk": "no",
        "surface": "asphalt",
        "turn:lanes": "through;right"
      },
      "geometry": {
        "type": "LineString",
        "coordinates": [
          [
            7.0858864,
            51.2566548
          ],
          [
            7.0856461,
            51.2566083
          ],
          [
            7.0853724,
            51.2565523
          ],
          [
            7.0852173,
            51.2564799
          ]
        ]
      }
    },
    {
      "type": "Feature",
      "properties": {
        "osmWayId": 27658273,
        "check_date": "2024-03-18",
        "foot": "no",
        "highway": "primary",
        "lanes": "2",
        "lit": "yes",
        "maxspeed": "50",
        "name": "Bundesallee",
        "oneway": "yes",
        "ref": "B 7",
        "sidewalk": "no",
        "surface": "asphalt"
      },
      "geometry": {
        "type": "LineString",
        "coordinates": [
          [
            7.1409996,
            51.2546705
          ],
          [
            7.1407765,
            51.254651
          ]
        ]
      }
    },
    {
      "type": "Feature",
      "properties": {
        "osmWayId": 33037945,
        "bridge": "yes",
        "cycleway:right": "no",
        "destination:colour:lanes": "none;white;white;white|none;white;white;white|none;white|none;white",
        "destination:lanes": "Remscheid;Ronsdorf;Opernhaus;Barmen|Remscheid;Ronsdorf;Opernhaus;Barmen|Mettmann;Elberfeld|Mettmann;Elberfeld",
        "destination:ref:lanes": "none;none;none;none|none;none;none;none|B 7|B 7",
        "destination:ref:to:lanes": "none|none|none|none",
        "destination:symbol:lanes": "none;none;none;train_station|none;none;none;train_station|none;none|none;none",
        "destination:symbol:to:lanes": "none|none|none|none",
        "foot": "no",
        "highway": "primary",
        "lanes": "4",
        "layer": "1",
        "lit": "yes",
        "maxspeed": "50",
        "maxweight:signed": "no",
        "name": "Höhne",
        "oneway": "yes",
        "parking:both": "no",
        "ref": "B 7",
        "shoulder": "no",
        "sidewalk": "no",
        "surface": "asphalt",
        "turn:lanes": "left|left|through|through"
      },
      "geometry": {
        "type": "LineString",
        "coordinates": [
          [
            7.1971133,
            51.2698441
          ],
          [
            7.1970047,
            51.2698008
          ]
        ]
      }
    },
    {
      "type": "Feature",
      "properties": {
        "osmWayId": 33037947,
        "cycleway:both": "no",
        "highway": "primary",
        "lanes": "2",
        "lit": "yes",
        "maxspeed": "50",
        "name": "Höhne",
        "oneway": "yes",
        "parking:both": "no",
        "ref": "B 7",
        "sidewalk": "right",
        "surface": "asphalt"
      },
      "geometry": {
        "type": "LineString",
        "coordinates": [
          [
            7.1976625,
            51.2697334
          ],
          [
            7.197782,
            51.2697798
          ],
          [
            7.1980347,
            51.2698627
          ],
          [
            7.1983178,
            51.269928
          ]
        ]
      }
    },
    {
      "type": "Feature",
      "properties": {
        "osmWayId": 33037950,
        "cycleway:both": "no",
        "highway": "primary",
        "lanes": "2",
        "lit": "yes",
        "maxspeed": "50",
        "name": "Friedrich-Engels-Allee",
        "oneway": "yes",
        "parking:both": "no",
        "ref": "B 7",
        "sidewalk": "right",
        "smoothness": "good",
        "surface": "asphalt",
        "wikipedia": "de:Friedrich-Engels-Allee",
        "zone:traffic": "DE:urban"
      },
      "geometry": {
        "type": "LineString",
        "coordinates": [
          [
            7.1945519,
            51.2687334
          ],
          [
            7.1934563,
            51.2682994
          ],
          [
            7.1933001,
            51.2682369
          ]
        ]
      }
    },
    {
      "type": "Feature",
      "properties": {
        "osmWayId": 33037953,
        "cycleway:both": "no",
        "foot": "no",
        "highway": "primary",
        "lanes": "4",
        "layer": "2",
        "lit": "yes",
        "maxspeed": "50",
        "name": "Friedrich-Engels-Allee",
        "oneway": "yes",
        "parking:both": "no",
        "placement": "right_of:3",
        "ref": "B 7",
        "sidewalk": "no",
        "surface": "asphalt",
        "turn:lanes": "left|left|through|through",
        "wikipedia": "de:Friedrich-Engels-Allee"
      },
      "geometry": {
        "type": "LineString",
        "coordinates": [
          [
            7.1970489,
            51.2694991
          ],
          [
            7.1972376,
            51.2695754
          ]
        ]
      }
    },
    {
      "type": "Feature",
      "properties": {
        "osmWayId": 33440175,
        "cycleway:both": "lane",
        "cycleway:both:lane": "exclusive",
        "highway": "primary",
        "lanes": "2",
        "lanes:backward": "1",
        "lanes:forward": "1",
        "lit": "yes",
        "maxheight": "default",
        "maxspeed": "50",
        "name": "Friedrich-Ebert-Straße",
        "name:etymology:wikidata": "Q2646",
        "name:etymology:wikipedia": "de:Friedrich Ebert",
        "ref": "B 7",
        "sidewalk": "both",
        "sidewalk:both:surface": "paving_stones",
        "smoothness": "good",
        "surface": "asphalt",
        "wikidata": "Q1457731",
        "wikipedia": "Friedrich-Ebert-Straße (Wuppertal)"
      },
      "geometry": {
        "type": "LineString",
        "coordinates": [
          [
            7.1066661,
            51.2466465
          ],
          [
            7.1067719,
            51.2467356
          ],
          [
            7.1068522,
            51.246802
          ],
          [
            7.1070056,
            51.2469282
          ],
          [
            7.1076504,
            51.2474546
          ],
          [
            7.1084682,
            51.248114
          ],
          [
            7.1086186,
            51.2482174
          ],
          [
            7.10879,
            51.2483352
          ],
          [
            7.1090343,
            51.2484819
          ],
          [
            7.1092087,
            51.2485734
          ],
          [
            7.1092852,
            51.2486092
          ],
          [
            7.1094804,
            51.2487007
          ]
        ]
      }
    },
    {
      "type": "Feature",
      "properties": {
        "osmWayId": 33440176,
        "cycleway:both": "lane",
        "cycleway:both:lane": "exclusive",
        "highway": "primary",
        "lanes": "3",
        "lit": "yes",
        "maxspeed": "50",
        "name": "Friedrich-Ebert-Straße",
        "name:etymology:wikidata": "Q2646",
        "name:etymology:wikipedia": "de:Friedrich Ebert",
        "ref": "B 7",
        "sidewalk": "both",
        "sidewalk:both:surface": "paving_stones",
        "surface": "asphalt",
        "wikidata": "Q1457731",
        "wikipedia": "Friedrich-Ebert-Straße (Wuppertal)"
      },
      "geometry": {
        "type": "LineString",
        "coordinates": [
          [
            7.1062616,
            51.2463161
          ],
          [
            7.1064241,
            51.2464441
          ],
          [
            7.106597,
            51.2465903
          ]
        ]
      }
    },
    {
      "type": "Feature",
      "properties": {
        "osmWayId": 35067223,
        "highway": "primary",
        "lanes": "2",
        "lit": "yes",
        "maxspeed": "50",
        "name": "Friedrich-Engels-Allee",
        "oneway": "yes",
        "ref": "B 7",
        "sidewalk": "right",
        "surface": "asphalt",
        "wikipedia": "de:Friedrich-Engels-Allee"
      },
      "geometry": {
        "type": "LineString",
        "coordinates": [
          [
            7.1827462,
            51.264862
          ],
          [
            7.1823732,
            51.2647448
          ],
          [
            7.1822283,
            51.2646819
          ],
          [
            7.1821806,
            51.2646592
          ],
          [
            7.1817804,
            51.2644698
          ],
          [
            7.1815724,
            51.2643713
          ],
          [
            7.1814764,
            51.2643198
          ]
        ]
      }
    },
    {
      "type": "Feature",
      "properties": {
        "osmWayId": 35067224,
        "cycleway:both": "no",
        "highway": "primary",
        "lanes": "2",
        "lit": "yes",
        "maxspeed": "50",
        "name": "Friedrich-Engels-Allee",
        "oneway": "yes",
        "parking:both": "no",
        "ref": "B 7",
        "sidewalk": "right",
        "sidewalk:right:surface": "paving_stones",
        "smoothness": "good",
        "surface": "asphalt",
        "wikipedia": "de:Friedrich-Engels-Allee",
        "zone:traffic": "DE:urban"
      },
      "geometry": {
        "type": "LineString",
        "coordinates": [
          [
            7.1928577,
            51.2680623
          ],
          [
            7.1927079,
            51.2679947
          ],
          [
            7.1924636,
            51.267875
          ],
          [
            7.1919142,
            51.2676022
          ],
          [
            7.1915001,
            51.2674199
          ],
          [
            7.1910714,
            51.267248
          ],
          [
            7.1907395,
            51.2671375
          ],
          [
            7.1906447,
            51.2671056
          ],
          [
            7.1903785,
            51.267021
          ],
          [
            7.1902845,
            51.2669897
          ]
        ]
      }
    },
    {
      "type": "Feature",
      "properties": {
        "osmWayId": 35903021,
        "cycleway:both": "no",
        "highway": "primary",
        "lanes": "4",
        "lanes:backward": "2",
        "lanes:forward": "2",
        "lit": "yes",
        "maxspeed": "50",
        "name": "Friedrich-Engels-Allee",
        "ref": "B 7",
        "sidewalk": "both",
        "sidewalk:both:surface": "paving_stones",
        "surface": "asphalt",
        "wikipedia": "de:Friedrich-Engels-Allee"
      },
      "geometry": {
        "type": "LineString",
        "coordinates": [
          [
            7.1757983,
            51.2625162
          ],
          [
            7.1762123,
            51.2626178
          ]
        ]
      }
    },
    {
      "type": "Feature",
      "properties": {
        "osmWayId": 35903022,
        "cycleway:both": "no",
        "highway": "primary",
        "lanes": "4",
        "lanes:backward": "2",
        "lanes:forward": "2",
        "lit": "yes",
        "maxspeed": "50",
        "name": "Friedrich-Engels-Allee",
        "ref": "B 7",
        "sidewalk": "both",
        "sidewalk:both:surface": "paving_stones",
        "surface": "asphalt",
        "wikipedia": "de:Friedrich-Engels-Allee"
      },
      "geometry": {
        "type": "LineString",
        "coordinates": [
          [
            7.1750004,
            51.2622671
          ],
          [
            7.1750377,
            51.2622785
          ]
        ]
      }
    },
    {
      "type": "Feature",
      "properties": {
        "osmWayId": 35903023,
        "cycleway:both": "no",
        "highway": "primary",
        "lanes": "4",
        "lanes:backward": "2",
        "lanes:forward": "2",
        "lit": "yes",
        "maxspeed": "50",
        "name": "Friedrich-Engels-Allee",
        "ref": "B 7",
        "sidewalk": "both",
        "surface": "asphalt",
        "wikipedia": "de:Friedrich-Engels-Allee"
      },
      "geometry": {
        "type": "LineString",
        "coordinates": [
          [
            7.1740874,
            51.2619718
          ],
          [
            7.1742243,
            51.262017
          ],
          [
            7.1747252,
            51.2621784
          ],
          [
            7.1747453,
            51.2621849
          ],
          [
            7.1750004,
            51.2622671
          ]
        ]
      }
    },
    {
      "type": "Feature",
      "properties": {
        "osmWayId": 35903024,
        "cycleway:both": "no",
        "highway": "primary",
        "lanes": "4",
        "lanes:backward": "2",
        "lanes:forward": "2",
        "lit": "yes",
        "maxspeed": "50",
        "name": "Friedrich-Engels-Allee",
        "ref": "B 7",
        "sidewalk": "both",
        "sidewalk:both:surface": "paving_stones",
        "surface": "asphalt",
        "wikipedia": "de:Friedrich-Engels-Allee"
      },
      "geometry": {
        "type": "LineString",
        "coordinates": [
          [
            7.1778878,
            51.2631786
          ],
          [
            7.178181,
            51.2632756
          ]
        ]
      }
    },
    {
      "type": "Feature",
      "properties": {
        "osmWayId": 35903025,
        "cycleway:both": "no",
        "highway": "primary",
        "lanes": "4",
        "lanes:backward": "2",
        "lanes:forward": "2",
        "lit": "yes",
        "maxspeed": "50",
        "name": "Friedrich-Engels-Allee",
        "ref": "B 7",
        "sidewalk": "both",
        "sidewalk:both:surface": "paving_stones",
        "surface": "asphalt",
        "wikipedia": "de:Friedrich-Engels-Allee"
      },
      "geometry": {
        "type": "LineString",
        "coordinates": [
          [
            7.1797928,
            51.2637872
          ],
          [
            7.1798805,
            51.2638149
          ],
          [
            7.1811716,
            51.2642234
          ]
        ]
      }
    },
    {
      "type": "Feature",
      "properties": {
        "osmWayId": 35903026,
        "check_date:cycleway": "2022-10-29",
        "cycleway:both": "no",
        "highway": "primary",
        "lanes": "4",
        "lanes:backward": "2",
        "lanes:forward": "2",
        "lit": "yes",
        "maxspeed": "50",
        "name": "Friedrich-Engels-Allee",
        "parking:both": "on_kerb",
        "parking:both:orientation": "parallel",
        "ref": "B 7",
        "sidewalk": "both",
        "sidewalk:both:surface": "asphalt",
        "surface": "asphalt",
        "wikipedia": "de:Friedrich-Engels-Allee"
      },
      "geometry": {
        "type": "LineString",
        "coordinates": [
          [
            7.173356,
            51.2617395
          ],
          [
            7.1739682,
            51.2619331
          ],
          [
            7.1740356,
            51.2619556
          ]
        ]
      }
    },
    {
      "type": "Feature",
      "properties": {
        "osmWayId": 35903027,
        "cycleway:both": "no",
        "highway": "primary",
        "lanes": "4",
        "lit": "yes",
        "maxspeed": "50",
        "name": "Friedrich-Engels-Allee",
        "parking:left": "no",
        "parking:right": "on_kerb",
        "parking:right:orientation": "parallel",
        "ref": "B 7",
        "sidewalk": "both",
        "surface": "asphalt",
        "wikipedia": "de:Friedrich-Engels-Allee"
      },
      "geometry": {
        "type": "LineString",
        "coordinates": [
          [
            7.1718697,
            51.2612658
          ],
          [
            7.1720462,
            51.2613228
          ],
          [
            7.1720543,
            51.2613254
          ],
          [
            7.1724597,
            51.2614547
          ],
          [
            7.1728559,
            51.2615813
          ]
        ]
      }
    },
    {
      "type": "Feature",
      "properties": {
        "osmWayId": 36388592,
        "alt_name": "Einschienige Hängebahn System Eugen Langen",
        "bridge": "yes",
        "electrified": "rail",
        "frequency": "0",
        "layer": "2",
        "level": "2",
        "maxspeed": "60",
        "monorail": "hanging",
        "name": "Schwebebahn",
        "note": "Beim Mappen der Straßen unter der Schwebebahn bitte aufpassen, dass kein gemeinsamer Node zw Straße u Schweb entsteht.",
        "railway": "monorail",
        "railway:etcs": "2",
        "railway:radio": "TETRA",
        "tracks": "2",
        "voltage": "750"
      },
      "geometry": {
        "type": "LineString",
        "coordinates": [
          [
            7.0683097,
            51.2304012
          ],
          [
            7.0686997,
            51.2305381
          ],
          [
            7.069065,
            51.2306804
          ],
          [
            7.069392,
            51.2308073
          ],
          [
            7.0697928,
            51.2309636
          ],
          [
            7.0701933,
            51.2311216
          ],
          [
            7.0704807,
            51.2312392
          ],
          [
            7.0708669,
            51.2314091
          ],
          [
            7.0712318,
            51.2315779
          ],
          [
            7.0716277,
            51.2317614
          ],
          [
            7.0719736,
            51.2319213
          ],
          [
            7.0722856,
            51.2320649
          ],
          [
            7.0725283,
            51.2321765
          ],
          [
            7.0729093,
            51.2323526
          ],
          [
            7.0732919,
            51.2325291
          ],
          [
            7.0735667,
            51.2326559
          ],
          [
            7.0739625,
            51.2328391
          ],
          [
            7.0743632,
            51.2330244
          ],
          [
            7.0746748,
            51.233168
          ],
          [
            7.0749522,
            51.2332959
          ],
          [
            7.0752285,
            51.2334234
          ],
          [
            7.0756103,
            51.2335986
          ],
          [
            7.0759207,
            51.2337429
          ],
          [
            7.0761975,
            51.2338715
          ],
          [
            7.0765428,
            51.2340307
          ],
          [
            7.0768175,
            51.2341587
          ],
          [
            7.0770355,
            51.234256
          ],
          [
            7.0772049,
            51.2343358
          ],
          [
            7.077478,
            51.2344645
          ],
          [
            7.0777923,
            51.2346058
          ],
          [
            7.0779359,
            51.2346693
          ],
          [
            7.0780772,
            51.2347265
          ],
          [
            7.0781913,
            51.234758
          ],
          [
            7.0782863,
            51.2347806
          ],
          [
            7.0783963,
            51.2348058
          ],
          [
            7.0784923,
            51.2348149
          ],
          [
            7.0786122,
            51.2348261
          ],
          [
            7.0787373,
            51.2348331
          ],
          [
            7.0791428,
            51.234819
          ],
          [
            7.0795896,
            51.2347987
          ],
          [
            7.079977,
            51.2347808
          ],
          [
            7.0803626,
            51.2347648
          ],
          [
            7.0807675,
            51.2347455
          ],
          [
            7.0812394,
            51.234723
          ],
          [
            7.0816254,
            51.2347076
          ],
          [
            7.081969,
            51.2346908
          ],
          [
            7.0823116,
            51.2346749
          ],
          [
            7.0827399,
            51.234655
          ],
          [
            7.0830856,
            51.2346388
          ],
          [
            7.0832105,
            51.2346333
          ],
          [
            7.0833559,
            51.2346318
          ],
          [
            7.0834921,
            51.23463
          ],
          [
            7.0835827,
            51.2346351
          ],
          [
            7.0837062,
            51.234647
          ],
          [
            7.0838307,
            51.2346622
          ],
          [
            7.0839472,
            51.2346844
          ],
          [
            7.0840368,
            51.2347041
          ],
          [
            7.0841524,
            51.2347372
          ],
          [
            7.0845253,
            51.2348692
          ],
          [
            7.0848876,
            51.2350136
          ],
          [
            7.0852353,
            51.235147
          ],
          [
            7.0855849,
            51.2352817
          ],
          [
            7.0858704,
            51.2353977
          ],
          [
            7.0862752,
            51.235557
          ],
          [
            7.0865634,
            51.235674
          ],
          [
            7.0868512,
            51.2357915
          ],
          [
            7.0871393,
            51.2359099
          ],
          [
            7.087428,
            51.2360271
          ],
          [
            7.087805,
            51.2361788
          ],
          [
            7.088109,
            51.2363029
          ],
          [
            7.0882023,
            51.2363397
          ],
          [
            7.0883248,
            51.2363896
          ],
          [
            7.0885072,
            51.236464
          ],
          [
            7.0888021,
            51.2365815
          ],
          [
            7.089162,
            51.2367295
          ],
          [
            7.0895285,
            51.2368716
          ],
          [
            7.0898911,
            51.2370148
          ],
          [
            7.0902519,
            51.2371587
          ],
          [
            7.0906175,
            51.2373045
          ],
          [
            7.0909424,
            51.2374339
          ],
          [
            7.0910686,
            51.2374781
          ],
          [
            7.0912068,
            51.2375188
          ],
          [
            7.0913486,
            51.2375551
          ],
          [
            7.0914689,
            51.2375826
          ],
          [
            7.0916207,
            51.2376113
          ],
          [
            7.0917833,
            51.2376361
          ],
          [
            7.0919657,
            51.2376561
          ],
          [
            7.0921225,
            51.2376726
          ],
          [
            7.092499,
            51.2377135
          ],
          [
            7.0929083,
            51.2377522
          ],
          [
            7.0934454,
            51.2378041
          ],
          [
            7.0938445,
            51.2378423
          ],
          [
            7.0942877,
            51.2378848
          ],
          [
            7.0946699,
            51.2379217
          ],
          [
            7.09501,
            51.237954
          ],
          [
            7.0953932,
            51.2379907
          ],
          [
            7.0957342,
            51.2380233
          ],
          [
            7.0960735,
            51.2380563
          ],
          [
            7.0964374,
            51.2380906
          ],
          [
            7.0967629,
            51.2381218
          ],
          [
            7.0968901,
            51.2381345
          ],
          [
            7.0972635,
            51.2381718
          ],
          [
            7.0976445,
            51.238209
          ],
          [
            7.0981126,
            51.2382536
          ],
          [
            7.0985369,
            51.2382934
          ],
          [
            7.0989202,
            51.2383303
          ],
          [
            7.0993015,
            51.2383664
          ],
          [
            7.099747,
            51.2384097
          ],
          [
            7.1001931,
            51.2384524
          ],
          [
            7.100619,
            51.2384949
          ],
          [
            7.1010434,
            51.2385344
          ],
          [
            7.101468,
            51.2385775
          ],
          [
            7.101892,
            51.2386205
          ],
          [
            7.1020395,
            51.2386435
          ],
          [
            7.1021745,
            51.2386723
          ],
          [
            7.1022822,
            51.238701
          ],
          [
            7.1023868,
            51.2387343
          ],
          [
            7.1024749,
            51.2387669
          ],
          [
            7.1025703,
            51.2388074
          ],
          [
            7.1026925,
            51.2388685
          ],
          [
            7.1027889,
            51.2389256
          ],
          [
            7.1028636,
            51.2389764
          ],
          [
            7.1029171,
            51.2390172
          ]
        ]
      }
    },
    {
      "type": "Feature",
      "properties": {
        "osmWayId": 36717782,
        "check_date:maxspeed": "2023-07-28",
        "highway": "primary",
        "lanes": "2",
        "lit": "yes",
        "maxspeed": "50",
        "maxspeed:type": "DE:urban",
        "name": "Friedrich-Engels-Allee",
        "oneway": "yes",
        "ref": "B 7",
        "sidewalk": "right",
        "surface": "asphalt",
        "wikipedia": "de:Friedrich-Engels-Allee",
        "zone:traffic": "DE:urban"
      },
      "geometry": {
        "type": "LineString",
        "coordinates": [
          [
            7.182893,
            51.2647364
          ],
          [
            7.1829957,
            51.2647694
          ],
          [
            7.1834897,
            51.2649294
          ],
          [
            7.1842696,
            51.2651786
          ]
        ]
      }
    },
    {
      "type": "Feature",
      "properties": {
        "osmWayId": 36717783,
        "cycleway:both": "no",
        "highway": "primary",
        "lanes": "2",
        "lit": "yes",
        "maxspeed": "50",
        "name": "Friedrich-Engels-Allee",
        "oneway": "yes",
        "ref": "B 7",
        "sidewalk": "right",
        "smoothness": "good",
        "surface": "asphalt",
        "wikipedia": "de:Friedrich-Engels-Allee",
        "zone:traffic": "DE:urban"
      },
      "geometry": {
        "type": "LineString",
        "coordinates": [
          [
            7.1929268,
            51.2679094
          ],
          [
            7.1931942,
            51.2680195
          ]
        ]
      }
    },
    {
      "type": "Feature",
      "properties": {
        "osmWayId": 36717787,
        "cycleway:both": "no",
        "highway": "primary",
        "lanes": "2",
        "lit": "yes",
        "maxspeed": "50",
        "name": "Höhne",
        "oneway": "yes",
        "ref": "B 7",
        "sidewalk": "both",
        "sidewalk:both:surface": "paving_stones",
        "smoothness": "good",
        "surface": "asphalt"
      },
      "geometry": {
        "type": "LineString",
        "coordinates": [
          [
            7.2001148,
            51.270317
          ],
          [
            7.1997269,
            51.2702537
          ]
        ]
      }
    },
    {
      "type": "Feature",
      "properties": {
        "osmWayId": 36717788,
        "cycleway:right": "track",
        "highway": "primary",
        "lanes": "2",
        "lit": "yes",
        "maxspeed": "30",
        "name": "Berliner Straße",
        "name:etymology:wikidata": "Q64",
        "oneway": "yes",
        "ref": "B 7",
        "sidewalk": "right",
        "sidewalk:right:surface": "paving_stones",
        "smoothness": "good",
        "surface": "asphalt"
      },
      "geometry": {
        "type": "LineString",
        "coordinates": [
          [
            7.2138184,
            51.2743829
          ],
          [
            7.2140335,
            51.2744058
          ],
          [
            7.2142682,
            51.2744456
          ],
          [
            7.2147207,
            51.2745287
          ],
          [
            7.2147619,
            51.2745358
          ],
          [
            7.2150227,
            51.2745904
          ],
          [
            7.2155598,
            51.2747027
          ]
        ]
      }
    },
    {
      "type": "Feature",
      "properties": {
        "osmWayId": 36717789,
        "cycleway:right": "track",
        "highway": "primary",
        "lanes": "2",
        "lit": "yes",
        "maxspeed": "50",
        "name": "Berliner Straße",
        "name:etymology:wikidata": "Q64",
        "oneway": "yes",
        "ref": "B 7",
        "sidewalk": "right",
        "sidewalk:right:surface": "paving_stones",
        "smoothness": "good",
        "surface": "asphalt"
      },
      "geometry": {
        "type": "LineString",
        "coordinates": [
          [
            7.2134041,
            51.2744382
          ],
          [
            7.2132121,
            51.2744278
          ],
          [
            7.2127269,
            51.2743914
          ],
          [
            7.2123868,
            51.2743585
          ],
          [
            7.2117259,
            51.274291
          ],
          [
            7.2115033,
            51.2742674
          ]
        ]
      }
    },
    {
      "type": "Feature",
      "properties": {
        "osmWayId": 37195413,
        "alt_name": "Einschienige Hängebahn System Eugen Langen",
        "bridge": "yes",
        "electrified": "rail",
        "frequency": "0",
        "layer": "5",
        "level": "2",
        "long_name": "Wuppertaler Schwebebahn",
        "long_name:ar": "قطار فوبرتال المعلق",
        "monorail": "hanging",
        "name": "Schwebebahn",
        "name:ar": "قطار معلق",
        "railway": "monorail",
        "railway:etcs": "2",
        "railway:radio": "TETRA",
        "tracks": "2",
        "url": "https://youtu.be/BTZV5Wr5FdU",
        "voltage": "750"
      },
      "geometry": {
        "type": "LineString",
        "coordinates": [
          [
            7.1631893,
            51.2583653
          ],
          [
            7.1635301,
            51.2585354
          ],
          [
            7.1638195,
            51.2587032
          ],
          [
            7.1641196,
            51.2589045
          ],
          [
            7.1643398,
            51.2590748
          ],
          [
            7.1645973,
            51.2593012
          ],
          [
            7.1648749,
            51.2595609
          ],
          [
            7.1651391,
            51.2598118
          ],
          [
            7.1653809,
            51.2600409
          ],
          [
            7.1656474,
            51.2602911
          ],
          [
            7.1659199,
            51.2605046
          ],
          [
            7.1662178,
            51.2606667
          ],
          [
            7.1665647,
            51.2608084
          ],
          [
            7.1669496,
            51.2609579
          ],
          [
            7.1673208,
            51.261102
          ],
          [
            7.1676941,
            51.2612444
          ],
          [
            7.1680661,
            51.2613881
          ],
          [
            7.1684519,
            51.261538
          ],
          [
            7.168838,
            51.2616872
          ],
          [
            7.1692096,
            51.2618314
          ],
          [
            7.1695952,
            51.2619608
          ],
          [
            7.1699285,
            51.2620309
          ],
          [
            7.1701417,
            51.2620514
          ],
          [
            7.1703602,
            51.2620701
          ],
          [
            7.1707967,
            51.2620776
          ],
          [
            7.1711516,
            51.2620761
          ],
          [
            7.1715198,
            51.2620734
          ],
          [
            7.1719336,
            51.2620785
          ],
          [
            7.1723263,
            51.2620974
          ],
          [
            7.1727539,
            51.2621506
          ],
          [
            7.1731685,
            51.2622375
          ],
          [
            7.1735703,
            51.2623446
          ],
          [
            7.1739683,
            51.262458
          ],
          [
            7.1740788,
            51.2624941
          ],
          [
            7.1741266,
            51.26251
          ],
          [
            7.1742832,
            51.2625758
          ],
          [
            7.1745449,
            51.2627399
          ],
          [
            7.1747489,
            51.2629199
          ],
          [
            7.1750177,
            51.2631685
          ],
          [
            7.1752402,
            51.2633465
          ],
          [
            7.1755742,
            51.2635634
          ],
          [
            7.1759306,
            51.2637645
          ],
          [
            7.1763049,
            51.2639695
          ],
          [
            7.1765507,
            51.2641067
          ],
          [
            7.1768363,
            51.2642737
          ],
          [
            7.1771475,
            51.2644676
          ],
          [
            7.1774405,
            51.2646706
          ],
          [
            7.1777118,
            51.2648853
          ],
          [
            7.1779198,
            51.2650691
          ],
          [
            7.1781081,
            51.2652659
          ],
          [
            7.1783329,
            51.2655323
          ],
          [
            7.1785238,
            51.2658087
          ],
          [
            7.1786738,
            51.2660641
          ],
          [
            7.1788055,
            51.2662983
          ],
          [
            7.1789433,
            51.2665137
          ],
          [
            7.179138,
            51.2667139
          ],
          [
            7.1793478,
            51.2668525
          ],
          [
            7.179592,
            51.2669662
          ],
          [
            7.1799073,
            51.2670632
          ],
          [
            7.180295,
            51.2671187
          ],
          [
            7.1807362,
            51.2671478
          ],
          [
            7.1812143,
            51.2671775
          ],
          [
            7.1813818,
            51.2671818
          ],
          [
            7.1815807,
            51.267185
          ],
          [
            7.1817698,
            51.2671759
          ],
          [
            7.1819917,
            51.2671543
          ],
          [
            7.1823276,
            51.2670903
          ],
          [
            7.1826592,
            51.2670139
          ],
          [
            7.1830669,
            51.2669205
          ],
          [
            7.1834391,
            51.2668355
          ],
          [
            7.1838478,
            51.2667417
          ],
          [
            7.1842412,
            51.2666634
          ],
          [
            7.1846427,
            51.2666077
          ],
          [
            7.185079,
            51.266582
          ],
          [
            7.1855141,
            51.2665917
          ],
          [
            7.185722,
            51.26661
          ],
          [
            7.1859049,
            51.2666279
          ],
          [
            7.186331,
            51.2666854
          ],
          [
            7.1867759,
            51.2667487
          ],
          [
            7.1871785,
            51.266804
          ],
          [
            7.1875634,
            51.2668586
          ],
          [
            7.1879059,
            51.2669064
          ],
          [
            7.1883747,
            51.2669726
          ],
          [
            7.1887345,
            51.267022
          ],
          [
            7.1889644,
            51.267055
          ],
          [
            7.1890946,
            51.2670732
          ],
          [
            7.1895217,
            51.2671319
          ],
          [
            7.1899468,
            51.2671951
          ],
          [
            7.1903214,
            51.2672697
          ],
          [
            7.1907211,
            51.2673811
          ],
          [
            7.1910977,
            51.2675208
          ],
          [
            7.1914804,
            51.2676749
          ],
          [
            7.1918623,
            51.2678307
          ],
          [
            7.1922291,
            51.2679782
          ],
          [
            7.1925955,
            51.2681269
          ],
          [
            7.1929275,
            51.2682613
          ],
          [
            7.1932938,
            51.2684096
          ],
          [
            7.1936265,
            51.2685435
          ],
          [
            7.1940061,
            51.2686998
          ],
          [
            7.1943746,
            51.2688665
          ],
          [
            7.1947083,
            51.2690443
          ],
          [
            7.1950285,
            51.2692305
          ],
          [
            7.1953168,
            51.2693993
          ],
          [
            7.1955857,
            51.2695418
          ],
          [
            7.1958886,
            51.269653
          ],
          [
            7.1959937,
            51.2696818
          ],
          [
            7.1961367,
            51.2697118
          ],
          [
            7.1962311,
            51.2697251
          ],
          [
            7.196397,
            51.2697384
          ],
          [
            7.1965431,
            51.2697415
          ],
          [
            7.1966814,
            51.2697363
          ],
          [
            7.1969864,
            51.2697053
          ],
          [
            7.1973932,
            51.2696399
          ],
          [
            7.1976929,
            51.2695873
          ],
          [
            7.1979572,
            51.2695455
          ],
          [
            7.1981878,
            51.269513
          ],
          [
            7.1984888,
            51.2694637
          ],
          [
            7.1987063,
            51.2694376
          ],
          [
            7.1991418,
            51.2694272
          ],
          [
            7.1995518,
            51.2694541
          ],
          [
            7.1999909,
            51.2695262
          ],
          [
            7.2003907,
            51.2696355
          ],
          [
            7.2007606,
            51.2697817
          ],
          [
            7.2011423,
            51.2699644
          ],
          [
            7.2014908,
            51.2701297
          ],
          [
            7.2017883,
            51.2702668
          ],
          [
            7.2021309,
            51.2704112
          ],
          [
            7.2025239,
            51.2705305
          ],
          [
            7.2029389,
            51.2706166
          ],
          [
            7.2033253,
            51.2706622
          ],
          [
            7.2038047,
            51.2706776
          ],
          [
            7.2042874,
            51.27068
          ],
          [
            7.2047222,
            51.2706891
          ],
          [
            7.2049364,
            51.2707051
          ],
          [
            7.2051335,
            51.2707261
          ],
          [
            7.2052977,
            51.2707552
          ],
          [
            7.2054892,
            51.2707977
          ],
          [
            7.2056485,
            51.2708563
          ],
          [
            7.2058623,
            51.2709444
          ],
          [
            7.2059761,
            51.2710166
          ],
          [
            7.2061058,
            51.2711034
          ],
          [
            7.2062872,
            51.2712862
          ],
          [
            7.2064048,
            51.2714897
          ],
          [
            7.206479,
            51.2717302
          ],
          [
            7.2065409,
            51.2719472
          ],
          [
            7.2066152,
            51.2721738
          ],
          [
            7.206645,
            51.27224
          ],
          [
            7.2067182,
            51.2723731
          ],
          [
            7.2067865,
            51.2724683
          ],
          [
            7.2070197,
            51.272731
          ],
          [
            7.207325,
            51.2729612
          ],
          [
            7.2075182,
            51.2730753
          ],
          [
            7.2076864,
            51.2731602
          ],
          [
            7.208017,
            51.2733017
          ],
          [
            7.2083491,
            51.2734352
          ],
          [
            7.2086992,
            51.2735732
          ],
          [
            7.2090694,
            51.2736856
          ],
          [
            7.2094882,
            51.2737672
          ],
          [
            7.209921,
            51.273802
          ],
          [
            7.2103575,
            51.2737967
          ],
          [
            7.2108367,
            51.2737768
          ],
          [
            7.2113158,
            51.273756
          ],
          [
            7.2117274,
            51.2737381
          ],
          [
            7.2121374,
            51.2737201
          ],
          [
            7.2125658,
            51.2736628
          ],
          [
            7.2129654,
            51.2735567
          ],
          [
            7.2133161,
            51.2734422
          ],
          [
            7.213669,
            51.2733297
          ],
          [
            7.2137434,
            51.2733118
          ],
          [
            7.2138509,
            51.2732874
          ],
          [
            7.2139745,
            51.2732676
          ],
          [
            7.2140247,
            51.2732629
          ],
          [
            7.2140872,
            51.2732571
          ],
          [
            7.2143917,
            51.2732608
          ],
          [
            7.2146887,
            51.2733128
          ],
          [
            7.2148449,
            51.2733627
          ],
          [
            7.2149622,
            51.2734088
          ],
          [
            7.2152344,
            51.2735832
          ],
          [
            7.2155252,
            51.2738245
          ],
          [
            7.2156853,
            51.2739423
          ],
          [
            7.2158426,
            51.2740491
          ],
          [
            7.2160066,
            51.2741218
          ],
          [
            7.2161887,
            51.2741946
          ],
          [
            7.2163536,
            51.274237
          ],
          [
            7.2165311,
            51.27428
          ],
          [
            7.2167448,
            51.2743048
          ],
          [
            7.2170105,
            51.2743166
          ],
          [
            7.2174931,
            51.2743191
          ],
          [
            7.2179704,
            51.2743287
          ],
          [
            7.2183213,
            51.27435
          ],
          [
            7.2187528,
            51.274391
          ],
          [
            7.2192024,
            51.2744346
          ],
          [
            7.2196517,
            51.2744819
          ],
          [
            7.2200837,
            51.2745241
          ],
          [
            7.2205161,
            51.2745683
          ],
          [
            7.2209453,
            51.2746117
          ],
          [
            7.2213773,
            51.2746559
          ],
          [
            7.221607,
            51.2746813
          ],
          [
            7.2217243,
            51.274692
          ],
          [
            7.2217516,
            51.2746939
          ]
        ]
      }
    },
    {
      "type": "Feature",
      "properties": {
        "osmWayId": 37410844,
        "cycleway:left": "no",
        "cycleway:right": "share_busway",
        "destination:colour:lanes": "white;white|white;white|;white;white|;white;white|;white;white",
        "destination:lanes": "Universität;Historische Stadthalle|Universität;Historische Stadthalle|Mettmann;Zoo;Sonnborn|Mettmann;Zoo;Sonnborn|Mettmann;Zoo;Sonnborn",
        "destination:ref:lanes": "||B 7|B 7|B 7",
        "destination:ref:to:lanes": "A 1;A 46|A 1;A 46|||",
        "foot": "no",
        "highway": "primary",
        "lanes": "5",
        "lanes:psv": "1",
        "lit": "yes",
        "maxspeed": "50",
        "maxspeed:type": "DE:urban",
        "name": "Bundesallee",
        "oneway": "yes",
        "parking:both": "no",
        "psv:lanes": "yes|yes|yes|yes|designated",
        "ref": "B 7",
        "shoulder": "no",
        "sidewalk": "no",
        "smoothness": "good",
        "surface": "asphalt",
        "turn:lanes": "left|left|through|through|through",
        "zone:traffic": "DE:urban"
      },
      "geometry": {
        "type": "LineString",
        "coordinates": [
          [
            7.1483605,
            51.2554744
          ],
          [
            7.1475987,
            51.255242
          ],
          [
            7.1471187,
            51.2551293
          ],
          [
            7.1468718,
            51.2550905
          ]
        ]
      }
    },
    {
      "type": "Feature",
      "properties": {
        "osmWayId": 37521359,
        "cycleway:right": "track",
        "highway": "primary",
        "lanes": "2",
        "lit": "yes",
        "maxspeed": "30",
        "name": "Berliner Straße",
        "oneway": "yes",
        "parking:left": "no",
        "parking:right": "street_side",
        "parking:right:orientation": "parallel",
        "ref": "B 7",
        "sidewalk": "right",
        "sidewalk:right:surface": "paving_stones",
        "smoothness": "good",
        "surface": "asphalt"
      },
      "geometry": {
        "type": "LineString",
        "coordinates": [
          [
            7.2178749,
            51.2751763
          ],
          [
            7.217619,
            51.275163
          ],
          [
            7.2173341,
            51.2751441
          ],
          [
            7.217086,
            51.2751202
          ],
          [
            7.2169624,
            51.2751033
          ],
          [
            7.2167564,
            51.2750669
          ],
          [
            7.2165106,
            51.2750211
          ],
          [
            7.2161449,
            51.2749429
          ],
          [
            7.2154979,
            51.2747914
          ]
        ]
      }
    },
    {
      "type": "Feature",
      "properties": {
        "osmWayId": 37521360,
        "check_date:lit": "2025-12-09",
        "cycleway:left": "no",
        "cycleway:right": "track",
        "highway": "primary",
        "lanes": "2",
        "lit": "yes",
        "maxspeed": "30",
        "name": "Berliner Straße",
        "oneway": "yes",
        "ref": "B 7",
        "sidewalk": "right",
        "sidewalk:right:surface": "paving_stones",
        "surface": "asphalt"
      },
      "geometry": {
        "type": "LineString",
        "coordinates": [
          [
            7.2228002,
            51.2754382
          ],
          [
            7.2214982,
            51.2753707
          ],
          [
            7.2213145,
            51.2753601
          ]
        ]
      }
    },
    {
      "type": "Feature",
      "properties": {
        "osmWayId": 37521361,
        "cycleway:right": "track",
        "highway": "primary",
        "lanes": "2",
        "lit": "yes",
        "maxspeed": "30",
        "name": "Berliner Straße",
        "oneway": "yes",
        "parking:left": "no",
        "parking:right": "street_side",
        "parking:right:orientation": "parallel",
        "ref": "B 7",
        "sidewalk": "right",
        "sidewalk:right:surface": "paving_stones",
        "smoothness": "good",
        "surface": "asphalt"
      },
      "geometry": {
        "type": "LineString",
        "coordinates": [
          [
            7.2182742,
            51.2751125
          ],
          [
            7.2189126,
            51.2751547
          ],
          [
            7.2192045,
            51.2751725
          ],
          [
            7.2195392,
            51.2751892
          ],
          [
            7.2196037,
            51.2751924
          ],
          [
            7.220787,
            51.275258
          ]
        ]
      }
    },
    {
      "type": "Feature",
      "properties": {
        "osmWayId": 37521362,
        "check_date:cycleway": "2025-12-11",
        "check_date:lit": "2025-12-09",
        "check_date:smoothness": "2025-12-11",
        "check_date:surface": "2025-12-11",
        "cycleway:both": "no",
        "highway": "primary",
        "lanes": "2",
        "lit": "yes",
        "maxspeed": "50",
        "name": "Berliner Straße",
        "oneway": "yes",
        "ref": "B 7",
        "sidewalk": "right",
        "sidewalk:right:surface": "paving_stones",
        "smoothness": "intermediate",
        "surface": "asphalt"
      },
      "geometry": {
        "type": "LineString",
        "coordinates": [
          [
            7.2240054,
            51.2751829
          ],
          [
            7.2246774,
            51.2750651
          ],
          [
            7.2249877,
            51.2750148
          ],
          [
            7.2251764,
            51.2749921
          ],
          [
            7.2254052,
            51.2749689
          ],
          [
            7.2256646,
            51.2749594
          ],
          [
            7.2259329,
            51.2749643
          ]
        ]
      }
    },
    {
      "type": "Feature",
      "properties": {
        "osmWayId": 37584843,
        "check_date": "2024-03-18",
        "foot": "use_sidepath",
        "highway": "primary",
        "lanes": "2",
        "maxspeed": "50",
        "name": "Düsseldorfer Straße",
        "oneway": "no",
        "ref": "B 7",
        "sidewalk": "no",
        "surface": "asphalt"
      },
      "geometry": {
        "type": "LineString",
        "coordinates": [
          [
            7.0762175,
            51.2535638
          ],
          [
            7.0765885,
            51.2536391
          ],
          [
            7.0803563,
            51.254369
          ],
          [
            7.0806751,
            51.2544485
          ]
        ]
      }
    },
    {
      "type": "Feature",
      "properties": {
        "osmWayId": 40419654,
        "bus": "yes",
        "cycleway:left": "no",
        "cycleway:right": "separate",
        "foot": "no",
        "highway": "primary",
        "lanes": "4",
        "layer": "-1",
        "lit": "yes",
        "maxheight": "default",
        "maxspeed": "50",
        "maxspeed:type": "DE:urban",
        "name": "Bundesallee",
        "oneway": "yes",
        "ref": "B 7",
        "sidewalk": "no",
        "smoothness": "good",
        "surface": "asphalt",
        "tunnel": "yes",
        "turn:lanes": "left|left|through|through",
        "zone:traffic": "DE:urban"
      },
      "geometry": {
        "type": "LineString",
        "coordinates": [
          [
            7.1494499,
            51.2558187
          ],
          [
            7.1490751,
            51.2556965
          ],
          [
            7.1487796,
            51.2556051
          ]
        ]
      }
    },
    {
      "type": "Feature",
      "properties": {
        "osmWayId": 40419663,
        "foot": "no",
        "highway": "primary",
        "lanes": "4",
        "lit": "yes",
        "maxspeed": "50",
        "name": "Düsseldorfer Straße",
        "oneway": "yes",
        "ref": "B 7",
        "sidewalk": "no",
        "surface": "asphalt",
        "turn:lanes": "left|left|through|through"
      },
      "geometry": {
        "type": "LineString",
        "coordinates": [
          [
            7.1040194,
            51.2536192
          ],
          [
            7.1042041,
            51.2535693
          ],
          [
            7.1042911,
            51.2535402
          ],
          [
            7.1044317,
            51.253492
          ]
        ]
      }
    },
    {
      "type": "Feature",
      "properties": {
        "osmWayId": 40419665,
        "bus:lanes": "yes|yes|yes|designated",
        "foot": "no",
        "highway": "primary",
        "lanes": "4",
        "lit": "yes",
        "maxspeed": "50",
        "oneway": "yes",
        "ref": "B 7",
        "sidewalk": "no",
        "source:position": "Bing Aerial Map",
        "surface": "asphalt",
        "turn:lanes": "left|through|through|through"
      },
      "geometry": {
        "type": "LineString",
        "coordinates": [
          [
            7.1338416,
            51.2529005
          ],
          [
            7.1340171,
            51.2529376
          ]
        ]
      }
    },
    {
      "type": "Feature",
      "properties": {
        "osmWayId": 40419666,
        "check_date:cycleway": "2023-07-28",
        "cycleway:both": "no",
        "foot": "no",
        "highway": "primary",
        "lanes": "5",
        "lit": "yes",
        "maxspeed": "50",
        "maxspeed:type": "DE:urban",
        "name": "Bundesallee",
        "oneway": "yes",
        "parking:both": "no",
        "ref": "B 7",
        "sidewalk": "no",
        "smoothness": "good",
        "surface": "asphalt",
        "traffic_sign": "DE:259",
        "turn:lanes": "left|left|through|through|right",
        "zone:traffic": "DE:urban"
      },
      "geometry": {
        "type": "LineString",
        "coordinates": [
          [
            7.1495367,
            51.2556962
          ],
          [
            7.1496518,
            51.2557327
          ],
          [
            7.1503248,
            51.2559216
          ],
          [
            7.1505093,
            51.2559805
          ],
          [
            7.1505788,
            51.2559989
          ]
        ]
      }
    },
    {
      "type": "Feature",
      "properties": {
        "osmWayId": 42303656,
        "cycleway:left": "no",
        "cycleway:right": "separate",
        "highway": "primary",
        "lanes": "2",
        "lit": "yes",
        "maxspeed": "50",
        "maxspeed:type": "DE:urban",
        "name": "Bundesallee",
        "oneway": "yes",
        "ref": "B 7",
        "sidewalk:left": "no",
        "sidewalk:right": "separate",
        "smoothness": "good",
        "surface": "asphalt",
        "turn:lanes": "through|through",
        "zone:traffic": "DE:urban"
      },
      "geometry": {
        "type": "LineString",
        "coordinates": [
          [
            7.1509851,
            51.2561175
          ],
          [
            7.1512319,
            51.2561652
          ]
        ]
      }
    },
    {
      "type": "Feature",
      "properties": {
        "osmWayId": 45898403,
        "cycleway:left": "no",
        "cycleway:right": "share_busway",
        "foot": "no",
        "highway": "primary",
        "lanes": "3",
        "lit": "yes",
        "maxspeed": "50",
        "name": "Bundesallee",
        "oneway": "yes",
        "pvs": "yes",
        "ref": "B 7",
        "sidewalk": "no",
        "surface": "asphalt",
        "vehicle:lanes": "yes|yes|no"
      },
      "geometry": {
        "type": "LineString",
        "coordinates": [
          [
            7.1435971,
            51.25463
          ],
          [
            7.1438659,
            51.2546397
          ],
          [
            7.1441213,
            51.2546547
          ],
          [
            7.1444066,
            51.2546708
          ]
        ]
      }
    },
    {
      "type": "Feature",
      "properties": {
        "osmWayId": 47075906,
        "cycleway:both": "no",
        "highway": "primary",
        "lanes": "3",
        "lit": "yes",
        "maxspeed": "50",
        "name": "Bundesallee",
        "oneway": "yes",
        "ref": "B 7",
        "sidewalk": "right",
        "sidewalk:right:surface": "paving_stones",
        "smoothness": "good",
        "surface": "asphalt",
        "turn:lanes": "left|through|through"
      },
      "geometry": {
        "type": "LineString",
        "coordinates": [
          [
            7.1550907,
            51.2561566
          ],
          [
            7.1554658,
            51.2561558
          ],
          [
            7.1559503,
            51.2561649
          ],
          [
            7.1561864,
            51.2561687
          ],
          [
            7.1562635,
            51.2561702
          ],
          [
            7.1565322,
            51.2561729
          ]
        ]
      }
    },
    {
      "type": "Feature",
      "properties": {
        "osmWayId": 48952378,
        "cycleway:both": "no",
        "highway": "primary",
        "lanes": "2",
        "lit": "yes",
        "maxheight": "default",
        "maxspeed": "50",
        "name": "Varresbecker Straße",
        "ref": "B 7",
        "sidewalk": "both",
        "sidewalk:both:surface": "paving_stones",
        "surface": "asphalt"
      },
      "geometry": {
        "type": "LineString",
        "coordinates": [
          [
            7.1051448,
            51.2464854
          ],
          [
            7.1049033,
            51.2470597
          ],
          [
            7.1048511,
            51.247152
          ],
          [
            7.1047827,
            51.2472577
          ],
          [
            7.1047194,
            51.2473266
          ],
          [
            7.1046933,
            51.247355
          ],
          [
            7.104182,
            51.2477923
          ],
          [
            7.1041346,
            51.2478355
          ],
          [
            7.1041136,
            51.2478508
          ],
          [
            7.1039914,
            51.2479553
          ],
          [
            7.1038521,
            51.2480671
          ],
          [
            7.1037555,
            51.2481408
          ],
          [
            7.1036315,
            51.2482471
          ],
          [
            7.1035101,
            51.2483461
          ],
          [
            7.1034519,
            51.2483991
          ],
          [
            7.1033066,
            51.2485314
          ]
        ]
      }
    },
    {
      "type": "Feature",
      "properties": {
        "osmWayId": 52011942,
        "cycleway:both": "no",
        "highway": "primary",
        "lanes": "2",
        "lit": "yes",
        "maxspeed": "50",
        "name": "Bundesallee",
        "oneway": "yes",
        "ref": "B 7",
        "sidewalk": "right",
        "sidewalk:right:surface": "paving_stones",
        "surface": "asphalt",
        "turn:lanes": "through|through;right"
      },
      "geometry": {
        "type": "LineString",
        "coordinates": [
          [
            7.1565322,
            51.2561729
          ],
          [
            7.15676,
            51.2561672
          ],
          [
            7.157509,
            51.2561172
          ]
        ]
      }
    },
    {
      "type": "Feature",
      "properties": {
        "osmWayId": 52011944,
        "bridge": "yes",
        "cycleway:both": "no",
        "foot": "no",
        "highway": "primary",
        "lanes": "2",
        "layer": "1",
        "lit": "yes",
        "maxheight": "none",
        "maxspeed": "50",
        "maxweight:signed": "no",
        "name": "Friedrich-Engels-Allee",
        "oneway": "yes",
        "parking:both": "no",
        "ref": "B 7",
        "sidewalk": "no",
        "surface": "asphalt",
        "wikipedia": "de:Friedrich-Engels-Allee"
      },
      "geometry": {
        "type": "LineString",
        "coordinates": [
          [
            7.1968189,
            51.2697206
          ],
          [
            7.1966545,
            51.2696417
          ]
        ]
      }
    },
    {
      "type": "Feature",
      "properties": {
        "osmWayId": 56118552,
        "highway": "primary",
        "lanes": "3",
        "lit": "yes",
        "maxspeed": "50",
        "name": "Bundesallee",
        "oneway": "yes",
        "parking:left": "no",
        "parking:right": "separate",
        "ref": "B 7",
        "sidewalk": "right",
        "surface": "asphalt"
      },
      "geometry": {
        "type": "LineString",
        "coordinates": [
          [
            7.1440307,
            51.2547637
          ],
          [
            7.1438402,
            51.254759
          ],
          [
            7.1435911,
            51.2547642
          ],
          [
            7.1434207,
            51.2547676
          ],
          [
            7.1432537,
            51.2547639
          ],
          [
            7.1425366,
            51.2547394
          ]
        ]
      }
    },
    {
      "type": "Feature",
      "properties": {
        "osmWayId": 56118553,
        "cycleway:right": "no",
        "foot": "no",
        "highway": "primary",
        "lanes": "2",
        "lit": "yes",
        "maxspeed": "50",
        "name": "Friedrich-Engels-Allee",
        "oneway": "yes",
        "ref": "B 7",
        "sidewalk": "no",
        "surface": "asphalt",
        "wikipedia": "de:Friedrich-Engels-Allee",
        "zone:traffic": "DE:urban"
      },
      "geometry": {
        "type": "LineString",
        "coordinates": [
          [
            7.1902845,
            51.2669897
          ],
          [
            7.189899,
            51.266873
          ],
          [
            7.1885415,
            51.2664682
          ],
          [
            7.187432,
            51.2661954
          ]
        ]
      }
    },
    {
      "type": "Feature",
      "properties": {
        "osmWayId": 56118563,
        "cycleway:right": "no",
        "highway": "primary",
        "lanes": "2",
        "lit": "yes",
        "maxspeed": "50",
        "name": "Friedrich-Engels-Allee",
        "oneway": "yes",
        "ref": "B 7",
        "sidewalk": "right",
        "sidewalk:right:surface": "paving_stones",
        "smoothness": "good",
        "surface": "asphalt",
        "turn:lanes": "through|through;right",
        "wikipedia": "de:Friedrich-Engels-Allee",
        "zone:traffic": "DE:urban"
      },
      "geometry": {
        "type": "LineString",
        "coordinates": [
          [
            7.1861947,
            51.2658908
          ],
          [
            7.1855684,
            51.2657345
          ],
          [
            7.1853765,
            51.2656866
          ]
        ]
      }
    },
    {
      "type": "Feature",
      "properties": {
        "osmWayId": 56118565,
        "highway": "primary",
        "lanes": "2",
        "lit": "yes",
        "maxspeed": "50",
        "name": "Höhne",
        "oneway": "yes",
        "ref": "B 7",
        "sidewalk": "right",
        "sidewalk:right:surface": "paving_stones",
        "surface": "asphalt"
      },
      "geometry": {
        "type": "LineString",
        "coordinates": [
          [
            7.2043327,
            51.2712051
          ],
          [
            7.2044684,
            51.2712532
          ],
          [
            7.2046049,
            51.2712965
          ],
          [
            7.2052476,
            51.2714578
          ],
          [
            7.2053015,
            51.271472
          ],
          [
            7.2053866,
            51.271495
          ]
        ]
      }
    },
    {
      "type": "Feature",
      "properties": {
        "osmWayId": 56118567,
        "foot": "use_sidepath",
        "highway": "primary",
        "lanes": "2",
        "lit": "yes",
        "maxspeed": "50",
        "name": "Düsseldorfer Straße",
        "oneway": "yes",
        "ref": "B 7",
        "sidewalk": "no",
        "surface": "asphalt"
      },
      "geometry": {
        "type": "LineString",
        "coordinates": [
          [
            7.0908942,
            51.2562153
          ],
          [
            7.0907139,
            51.2562595
          ],
          [
            7.0905355,
            51.2562968
          ],
          [
            7.0901494,
            51.2563715
          ],
          [
            7.0895002,
            51.2564934
          ],
          [
            7.089125,
            51.2565686
          ],
          [
            7.0889121,
            51.2566078
          ],
          [
            7.088682,
            51.2566463
          ]
        ]
      }
    },
    {
      "type": "Feature",
      "properties": {
        "osmWayId": 56118568,
        "highway": "primary",
        "lanes": "2",
        "lit": "yes",
        "maxspeed": "50",
        "name": "Düsseldorfer Straße",
        "oneway": "yes",
        "ref": "B 7",
        "sidewalk": "right",
        "surface": "asphalt"
      },
      "geometry": {
        "type": "LineString",
        "coordinates": [
          [
            7.0914615,
            51.2559681
          ],
          [
            7.091746,
            51.2559535
          ],
          [
            7.0919927,
            51.2559508
          ],
          [
            7.0922187,
            51.2559577
          ]
        ]
      }
    },
    {
      "type": "Feature",
      "properties": {
        "osmWayId": 56118570,
        "cycleway:both": "no",
        "foot": "no",
        "highway": "primary",
        "lanes": "3",
        "lit": "yes",
        "maxheight": "default",
        "maxspeed": "50",
        "name": "Bundesallee",
        "oneway": "yes",
        "ref": "B 7",
        "shoulder": "no",
        "sidewalk": "no",
        "surface": "asphalt",
        "turn:lanes": "through|through|through;right"
      },
      "geometry": {
        "type": "LineString",
        "coordinates": [
          [
            7.1447324,
            51.2546909
          ],
          [
            7.1449179,
            51.2547022
          ],
          [
            7.1453255,
            51.2547337
          ],
          [
            7.1455904,
            51.2547575
          ],
          [
            7.1460412,
            51.2548116
          ],
          [
            7.1464071,
            51.2548572
          ]
        ]
      }
    },
    {
      "type": "Feature",
      "properties": {
        "osmWayId": 56997368,
        "cycleway:both": "no",
        "foot": "no",
        "highway": "primary",
        "lanes": "2",
        "lit": "yes",
        "maxspeed": "50",
        "name": "Bundesallee",
        "oneway": "yes",
        "parking:both": "no",
        "ref": "B 7",
        "sidewalk": "right",
        "sidewalk:right:surface": "paving_stones",
        "surface": "asphalt"
      },
      "geometry": {
        "type": "LineString",
        "coordinates": [
          [
            7.157575,
            51.2562284
          ],
          [
            7.1568379,
            51.2562971
          ],
          [
            7.1568086,
            51.2562991
          ],
          [
            7.1565675,
            51.2563084
          ]
        ]
      }
    },
    {
      "type": "Feature",
      "properties": {
        "osmWayId": 66426136,
        "cycleway:both": "no",
        "highway": "primary",
        "lanes": "2",
        "lit": "yes",
        "maxspeed": "50",
        "name": "Friedrich-Engels-Allee",
        "oneway": "yes",
        "ref": "B 7",
        "sidewalk": "right",
        "smoothness": "good",
        "surface": "asphalt",
        "wikipedia": "de:Friedrich-Engels-Allee",
        "zone:traffic": "DE:urban"
      },
      "geometry": {
        "type": "LineString",
        "coordinates": [
          [
            7.1931942,
            51.2680195
          ],
          [
            7.193351,
            51.2680781
          ],
          [
            7.1937624,
            51.268248
          ]
        ]
      }
    },
    {
      "type": "Feature",
      "properties": {
        "osmWayId": 67375783,
        "cycleway:right": "no",
        "highway": "primary",
        "lanes": "3",
        "lit": "yes",
        "maxspeed": "50",
        "name": "Friedrich-Engels-Allee",
        "oneway": "yes",
        "placement": "right_of:2",
        "ref": "B 7",
        "sidewalk": "right",
        "sidewalk:right:surface": "paving_stones",
        "surface": "asphalt",
        "turn:lanes": "left|through|through",
        "wikipedia": "de:Friedrich-Engels-Allee"
      },
      "geometry": {
        "type": "LineString",
        "coordinates": [
          [
            7.1814764,
            51.2643198
          ],
          [
            7.1816032,
            51.2643353
          ],
          [
            7.1819774,
            51.2644504
          ]
        ]
      }
    },
    {
      "type": "Feature",
      "properties": {
        "osmWayId": 88085408,
        "cycleway:both": "no",
        "foot": "no",
        "highway": "primary",
        "lanes": "3",
        "lit": "yes",
        "maxspeed": "50",
        "name": "Friedrich-Engels-Allee",
        "oneway": "yes",
        "parking:both": "no",
        "ref": "B 7",
        "sidewalk:left": "no",
        "sidewalk:right": "separate",
        "surface": "asphalt",
        "turn:lanes": "left|through|through",
        "wikipedia": "de:Friedrich-Engels-Allee"
      },
      "geometry": {
        "type": "LineString",
        "coordinates": [
          [
            7.167616,
            51.2592783
          ],
          [
            7.1675051,
            51.2592018
          ]
        ]
      }
    },
    {
      "type": "Feature",
      "properties": {
        "osmWayId": 88085491,
        "cycleway:both": "no",
        "foot": "no",
        "highway": "primary",
        "lanes": "2",
        "lit": "yes",
        "maxspeed": "50",
        "name": "Friedrich-Engels-Allee",
        "oneway": "yes",
        "ref": "B 7",
        "sidewalk:left": "no",
        "sidewalk:right": "separate",
        "surface": "asphalt",
        "turn:lanes": "through|through;right",
        "wikipedia": "de:Friedrich-Engels-Allee",
        "zone:traffic": "DE:urban"
      },
      "geometry": {
        "type": "LineString",
        "coordinates": [
          [
            7.1663934,
            51.2581677
          ],
          [
            7.1665533,
            51.2582643
          ],
          [
            7.1666139,
            51.2583009
          ],
          [
            7.1666657,
            51.2583326
          ],
          [
            7.1668228,
            51.2584333
          ],
          [
            7.1669511,
            51.2585265
          ],
          [
            7.1671236,
            51.2586664
          ],
          [
            7.1671658,
            51.2587009
          ]
        ]
      }
    },
    {
      "type": "Feature",
      "properties": {
        "osmWayId": 107539615,
        "cycleway:right": "lane",
        "cycleway:right:lane": "exclusive",
        "foot": "no",
        "highway": "primary",
        "lanes": "3",
        "lit": "yes",
        "maxspeed": "50",
        "name": "Bundesallee",
        "oneway": "yes",
        "ref": "B 7",
        "sidewalk": "no",
        "source:position": "Bing Aerial Map",
        "surface": "asphalt",
        "turn:lanes": "left|through|through"
      },
      "geometry": {
        "type": "LineString",
        "coordinates": [
          [
            7.1342533,
            51.2531411
          ],
          [
            7.134181,
            51.2531222
          ],
          [
            7.1340744,
            51.2530935
          ],
          [
            7.134015,
            51.2530792
          ],
          [
            7.1339445,
            51.2530631
          ],
          [
            7.1338301,
            51.2530433
          ]
        ]
      }
    },
    {
      "type": "Feature",
      "properties": {
        "osmWayId": 107539617,
        "cycleway:right": "lane",
        "foot": "no",
        "highway": "primary",
        "lanes": "2",
        "lit": "yes",
        "maxspeed": "50",
        "name": "Robert-Daum-Platz",
        "name:etymology:wikidata": "Q2646",
        "name:etymology:wikipedia": "de:Friedrich Ebert",
        "oneway": "yes",
        "ref": "B 7",
        "sidewalk": "no",
        "source:position": "Bing Aerial Map",
        "surface": "asphalt",
        "wikipedia": "Robert-Daum-Platz"
      },
      "geometry": {
        "type": "LineString",
        "coordinates": [
          [
            7.133629,
            51.2530271
          ],
          [
            7.1333231,
            51.2530085
          ],
          [
            7.1330162,
            51.2529931
          ]
        ]
      }
    },
    {
      "type": "Feature",
      "properties": {
        "osmWayId": 107539618,
        "check_date": "2024-03-18",
        "cycleway:right": "share_busway",
        "foot": "no",
        "highway": "primary",
        "lanes": "3",
        "lit": "yes",
        "maxspeed": "50",
        "name": "Bundesallee",
        "oneway": "yes",
        "ref": "B 7",
        "sidewalk": "no",
        "source:position": "Bing Aerial Map",
        "surface": "asphalt",
        "turn:lanes": "left|through|through"
      },
      "geometry": {
        "type": "LineString",
        "coordinates": [
          [
            7.134555,
            51.2532276
          ],
          [
            7.1342533,
            51.2531411
          ]
        ]
      }
    },
    {
      "type": "Feature",
      "properties": {
        "osmWayId": 107539901,
        "bus:lanes": "yes|yes|designated",
        "cycleway:right": "share_busway",
        "highway": "primary",
        "lanes": "3",
        "lit": "yes",
        "maxlength": "10",
        "maxspeed": "50",
        "name": "Bundesallee",
        "oneway": "yes",
        "ref": "B 7",
        "sidewalk": "right",
        "surface": "asphalt",
        "vehicle:lanes": "yes|yes|no"
      },
      "geometry": {
        "type": "LineString",
        "coordinates": [
          [
            7.136511,
            51.2536158
          ],
          [
            7.1366584,
            51.2536585
          ],
          [
            7.1368828,
            51.2537239
          ],
          [
            7.1369636,
            51.2537494
          ],
          [
            7.1372824,
            51.2538414
          ],
          [
            7.1376317,
            51.2539396
          ],
          [
            7.1380957,
            51.2540611
          ]
        ]
      }
    },
    {
      "type": "Feature",
      "properties": {
        "osmWayId": 107570336,
        "cycleway:left": "no",
        "cycleway:right": "separate",
        "highway": "primary",
        "lanes": "4",
        "lit": "yes",
        "maxspeed": "50",
        "maxspeed:type": "DE:urban",
        "name": "Bundesallee",
        "oneway": "yes",
        "parking:both": "no",
        "psv": "yes",
        "ref": "B 7",
        "sidewalk:left": "no",
        "sidewalk:right": "separate",
        "smoothness": "good",
        "surface": "asphalt",
        "turn:lanes": "left|left|through|through",
        "zone:traffic": "DE:urban"
      },
      "geometry": {
        "type": "LineString",
        "coordinates": [
          [
            7.1507635,
            51.2560584
          ],
          [
            7.1509851,
            51.2561175
          ]
        ]
      }
    },
    {
      "type": "Feature",
      "properties": {
        "osmWayId": 107570341,
        "cycleway:left": "no",
        "cycleway:right": "separate",
        "highway": "primary",
        "lanes": "3",
        "lit": "yes",
        "maxspeed": "50",
        "maxspeed:type": "DE:urban",
        "name": "Bundesallee",
        "oneway": "yes",
        "parking:both": "no",
        "ref": "B 7",
        "sidewalk:left": "no",
        "sidewalk:right": "separate",
        "smoothness": "good",
        "surface": "asphalt",
        "zone:traffic": "DE:urban"
      },
      "geometry": {
        "type": "LineString",
        "coordinates": [
          [
            7.1509214,
            51.2562568
          ],
          [
            7.1506867,
            51.2562124
          ]
        ]
      }
    },
    {
      "type": "Feature",
      "properties": {
        "osmWayId": 116018941,
        "check_date:lit": "2025-12-09",
        "cycleway:right": "lane",
        "cycleway:right:lane": "advisory",
        "highway": "primary",
        "lanes": "2",
        "lit": "yes",
        "maxspeed": "50",
        "name": "Berliner Straße",
        "oneway": "yes",
        "ref": "B 7",
        "sidewalk": "right",
        "surface": "asphalt"
      },
      "geometry": {
        "type": "LineString",
        "coordinates": [
          [
            7.2289348,
            51.2755787
          ],
          [
            7.229768,
            51.275797
          ],
          [
            7.2299766,
            51.2758491
          ],
          [
            7.2301005,
            51.2758762
          ]
        ]
      }
    },
    {
      "type": "Feature",
      "properties": {
        "osmWayId": 116388743,
        "cycleway:right": "separate",
        "highway": "primary",
        "lanes": "3",
        "lit": "yes",
        "maxspeed": "50",
        "name": "Höhne",
        "oneway": "yes",
        "placement": "right_of:2",
        "ref": "B 7",
        "sidewalk:left": "no",
        "sidewalk:right": "separate",
        "sidewalk:right:surface": "paving_stones",
        "surface": "asphalt",
        "turn:lanes": "left|through|through"
      },
      "geometry": {
        "type": "LineString",
        "coordinates": [
          [
            7.2066947,
            51.2727662
          ],
          [
            7.2067524,
            51.2728257
          ],
          [
            7.206823,
            51.2728915
          ],
          [
            7.2069222,
            51.2729563
          ]
        ]
      }
    },
    {
      "type": "Feature",
      "properties": {
        "osmWayId": 118377115,
        "foot": "use_sidepath",
        "highway": "primary",
        "lanes": "2",
        "lit": "yes",
        "maxheight": "default",
        "maxspeed": "50",
        "name": "Düsseldorfer Straße",
        "oneway": "yes",
        "ref": "B 7",
        "sidewalk": "no",
        "surface": "asphalt",
        "turn:lanes": "left|through"
      },
      "geometry": {
        "type": "LineString",
        "coordinates": [
          [
            7.0878676,
            51.2567255
          ],
          [
            7.0875387,
            51.2567389
          ],
          [
            7.0872143,
            51.2567433
          ],
          [
            7.0869104,
            51.2567391
          ],
          [
            7.0866067,
            51.2567261
          ],
          [
            7.0863885,
            51.2567164
          ]
        ]
      }
    },
    {
      "type": "Feature",
      "properties": {
        "osmWayId": 118377121,
        "foot": "use_sidepath",
        "highway": "primary",
        "lanes": "1",
        "lit": "yes",
        "maxspeed": "50",
        "name": "Düsseldorfer Straße",
        "oneway": "yes",
        "ref": "B 7",
        "sidewalk": "no",
        "surface": "asphalt"
      },
      "geometry": {
        "type": "LineString",
        "coordinates": [
          [
            7.0861452,
            51.2565751
          ],
          [
            7.0866208,
            51.2566122
          ]
        ]
      }
    },
    {
      "type": "Feature",
      "properties": {
        "osmWayId": 118377122,
        "foot": "use_sidepath",
        "highway": "primary",
        "lanes": "2",
        "lit": "yes",
        "maxspeed": "50",
        "name": "Düsseldorfer Straße",
        "oneway": "yes",
        "ref": "B 7",
        "sidewalk": "no",
        "surface": "asphalt"
      },
      "geometry": {
        "type": "LineString",
        "coordinates": [
          [
            7.0882826,
            51.2565773
          ],
          [
            7.0887532,
            51.2565101
          ],
          [
            7.0895228,
            51.2563716
          ]
        ]
      }
    },
    {
      "type": "Feature",
      "properties": {
        "osmWayId": 120040131,
        "bridge": "yes",
        "cycleway:right": "no",
        "foot": "no",
        "highway": "primary",
        "lanes": "2",
        "layer": "1",
        "maxspeed": "50",
        "maxweight:signed": "no",
        "name": "Bundesallee",
        "oneway": "yes",
        "ref": "B 7",
        "sidewalk": "no",
        "surface": "asphalt"
      },
      "geometry": {
        "type": "LineString",
        "coordinates": [
          [
            7.141177,
            51.254682
          ],
          [
            7.1410702,
            51.254675
          ],
          [
            7.1409996,
            51.2546705
          ]
        ]
      }
    },
    {
      "type": "Feature",
      "properties": {
        "osmWayId": 126664778,
        "cycleway:both": "lane",
        "cycleway:both:lane": "exclusive",
        "highway": "primary",
        "lanes": "2",
        "lit": "yes",
        "maxspeed": "50",
        "name": "Friedrich-Ebert-Straße",
        "name:etymology:wikidata": "Q2646",
        "name:etymology:wikipedia": "de:Friedrich Ebert",
        "postal_code": "42117",
        "ref": "B 7",
        "sidewalk:both:surface": "paving_stones",
        "sidewalk:left": "separate",
        "sidewalk:right": "yes",
        "surface": "asphalt",
        "wikidata": "Q1457731",
        "wikipedia": "de:Friedrich-Ebert-Straße (Wuppertal)"
      },
      "geometry": {
        "type": "LineString",
        "coordinates": [
          [
            7.1248279,
            51.2495106
          ],
          [
            7.1249402,
            51.2495625
          ],
          [
            7.1252719,
            51.2497179
          ],
          [
            7.1254557,
            51.2498009
          ],
          [
            7.1258825,
            51.2500025
          ],
          [
            7.126193,
            51.2501466
          ],
          [
            7.1262235,
            51.2501603
          ],
          [
            7.1263394,
            51.2502151
          ],
          [
            7.1267889,
            51.2504325
          ],
          [
            7.1269583,
            51.2505112
          ],
          [
            7.12842,
            51.2511904
          ],
          [
            7.1288004,
            51.251369
          ]
        ]
      }
    },
    {
      "type": "Feature",
      "properties": {
        "osmWayId": 129889746,
        "bus": "yes",
        "cycleway:left": "no",
        "cycleway:right": "separate",
        "foot": "no",
        "highway": "primary",
        "lanes": "4",
        "lit": "yes",
        "maxspeed": "50",
        "maxspeed:type": "DE:urban",
        "name": "Bundesallee",
        "oneway": "yes",
        "parking:both": "no",
        "ref": "B 7",
        "shoulder": "no",
        "sidewalk": "no",
        "smoothness": "good",
        "surface": "asphalt",
        "turn:lanes": "left|left|through|through",
        "zone:traffic": "DE:urban"
      },
      "geometry": {
        "type": "LineString",
        "coordinates": [
          [
            7.1503927,
            51.2561194
          ],
          [
            7.150272,
            51.2560821
          ],
          [
            7.1498762,
            51.2559553
          ],
          [
            7.1494499,
            51.2558187
          ]
        ]
      }
    },
    {
      "type": "Feature",
      "properties": {
        "osmWayId": 136180005,
        "cycleway:left": "no",
        "cycleway:right": "lane",
        "cycleway:right:lane": "exclusive",
        "highway": "primary",
        "lanes": "2",
        "lit": "yes",
        "maxspeed": "50",
        "maxspeed:type": "DE:urban",
        "name": "Bundesallee",
        "oneway": "yes",
        "parking:both": "no",
        "ref": "B 7",
        "sidewalk": "right",
        "surface": "asphalt"
      },
      "geometry": {
        "type": "LineString",
        "coordinates": [
          [
            7.1589319,
            51.2561447
          ],
          [
            7.1582041,
            51.2561791
          ]
        ]
      }
    },
    {
      "type": "Feature",
      "properties": {
        "osmWayId": 136180006,
        "check_date:cycleway": "2025-01-30",
        "cycleway:both": "no",
        "highway": "primary",
        "lanes": "2",
        "lit": "yes",
        "maxspeed": "50",
        "name": "Friedrich-Engels-Allee",
        "oneway": "yes",
        "parking:left": "no",
        "parking:right": "on_kerb",
        "parking:right:orientation": "parallel",
        "ref": "B 7",
        "sidewalk": "right",
        "sidewalk:right:surface": "paving_stones",
        "smoothness": "good",
        "surface": "asphalt"
      },
      "geometry": {
        "type": "LineString",
        "coordinates": [
          [
            7.1592845,
            51.2559966
          ],
          [
            7.1595867,
            51.2559962
          ]
        ]
      }
    },
    {
      "type": "Feature",
      "properties": {
        "osmWayId": 136180012,
        "bridge": "yes",
        "cycleway:both": "no",
        "highway": "primary",
        "lanes": "2",
        "layer": "1",
        "lit": "yes",
        "maxheight": "default",
        "maxspeed": "50",
        "maxweight:signed": "no",
        "name": "Friedrich-Engels-Allee",
        "oneway": "yes",
        "parking:left": "no",
        "parking:right": "on_kerb",
        "parking:right:orientation": "parallel",
        "ref": "B 7",
        "shoulder": "no",
        "sidewalk": "right",
        "sidewalk:right:surface": "asphalt",
        "smoothness": "good",
        "surface": "asphalt"
      },
      "geometry": {
        "type": "LineString",
        "coordinates": [
          [
            7.1586769,
            51.2560175
          ],
          [
            7.1592845,
            51.2559966
          ]
        ]
      }
    },
    {
      "type": "Feature",
      "properties": {
        "osmWayId": 154708841,
        "cycleway:both": "no",
        "highway": "primary",
        "lanes": "2",
        "lit": "yes",
        "maxspeed": "50",
        "name": "Höhne",
        "oneway": "yes",
        "ref": "B 7",
        "sidewalk": "right",
        "sidewalk:right:surface": "paving_stones",
        "surface": "asphalt"
      },
      "geometry": {
        "type": "LineString",
        "coordinates": [
          [
            7.204106,
            51.271284
          ],
          [
            7.2038491,
            51.2712233
          ],
          [
            7.2023371,
            51.2708433
          ],
          [
            7.2020526,
            51.2707717
          ],
          [
            7.2018288,
            51.2707143
          ],
          [
            7.2017029,
            51.2706822
          ],
          [
            7.2015973,
            51.2706546
          ]
        ]
      }
    },
    {
      "type": "Feature",
      "properties": {
        "osmWayId": 186116683,
        "cycleway:both": "no",
        "foot": "no",
        "highway": "primary",
        "lanes": "3",
        "lit": "yes",
        "maxspeed": "50",
        "maxspeed:type": "DE:urban",
        "name": "Bundesallee",
        "oneway": "yes",
        "parking:both": "no",
        "ref": "B 7",
        "shoulder": "no",
        "sidewalk": "no",
        "smoothness": "good",
        "surface": "asphalt",
        "turn:lanes": "through|through|through",
        "zone:traffic": "DE:urban"
      },
      "geometry": {
        "type": "LineString",
        "coordinates": [
          [
            7.1469185,
            51.254932
          ],
          [
            7.1473154,
            51.2550073
          ],
          [
            7.147728,
            51.255118
          ],
          [
            7.1488738,
            51.2554884
          ]
        ]
      }
    },
    {
      "type": "Feature",
      "properties": {
        "osmWayId": 186116686,
        "cycleway:left": "no",
        "cycleway:right": "share_busway",
        "foot": "no",
        "highway": "primary",
        "lanes": "3",
        "lanes:psv": "1",
        "lit": "yes",
        "maxspeed": "50",
        "name": "Bundesallee",
        "oneway": "yes",
        "psv:lanes": "yes|yes|designated",
        "ref": "B 7",
        "sidewalk": "no",
        "surface": "asphalt"
      },
      "geometry": {
        "type": "LineString",
        "coordinates": [
          [
            7.1464149,
            51.255033
          ],
          [
            7.1460742,
            51.2549799
          ]
        ]
      }
    },
    {
      "type": "Feature",
      "properties": {
        "osmWayId": 195203774,
        "bridge": "yes",
        "bus:lanes": "yes|yes|yes|designated",
        "cycleway:right": "share_busway",
        "foot": "yes",
        "highway": "primary",
        "lanes": "4",
        "layer": "1",
        "maxspeed": "50",
        "maxweight:signed": "no",
        "name": "Bundesallee",
        "oneway": "yes",
        "ref": "B 7",
        "sidewalk": "right",
        "surface": "asphalt",
        "turn:lanes": "left|through|through|through"
      },
      "geometry": {
        "type": "LineString",
        "coordinates": [
          [
            7.1411796,
            51.2545564
          ],
          [
            7.1413177,
            51.2545616
          ]
        ]
      }
    },
    {
      "type": "Feature",
      "properties": {
        "osmWayId": 195275134,
        "cycleway:right": "no",
        "foot": "no",
        "highway": "primary",
        "lanes": "3",
        "lit": "yes",
        "maxspeed": "50",
        "name": "Friedrich-Engels-Allee",
        "oneway": "yes",
        "ref": "B 7",
        "sidewalk": "right",
        "surface": "asphalt",
        "wikipedia": "de:Friedrich-Engels-Allee",
        "zone:traffic": "DE:urban"
      },
      "geometry": {
        "type": "LineString",
        "coordinates": [
          [
            7.1644356,
            51.2573314
          ],
          [
            7.1645905,
            51.2573873
          ],
          [
            7.1647168,
            51.2574346
          ],
          [
            7.1653438,
            51.2576669
          ]
        ]
      }
    },
    {
      "type": "Feature",
      "properties": {
        "osmWayId": 196349589,
        "check_date:lit": "2025-12-09",
        "destination:colour:lanes": ";;white|;;white",
        "destination:lanes": "Hattingen;Schwelm;Nächstebreck|Hattingen;Schwelm;Nächstebreck",
        "destination:ref:lanes": "B 7|B 7",
        "destination:ref:to:lanes": "A 1|A 1",
        "destination:symbol:lanes": ";;industrial|;;industrial",
        "destination:symbol:to:lanes": "motorway|motorway",
        "foot": "no",
        "highway": "primary",
        "lanes": "2",
        "lit": "yes",
        "maxspeed": "50",
        "name": "Berliner Straße",
        "oneway": "yes",
        "ref": "B 7",
        "sidewalk:left": "no",
        "sidewalk:right": "separate",
        "surface": "asphalt"
      },
      "geometry": {
        "type": "LineString",
        "coordinates": [
          [
            7.2280524,
            51.2753753
          ],
          [
            7.2283355,
            51.2754383
          ],
          [
            7.2285745,
            51.2754942
          ]
        ]
      }
    },
    {
      "type": "Feature",
      "properties": {
        "osmWayId": 197409225,
        "cycleway:left": "no",
        "cycleway:right": "lane",
        "cycleway:right:lane": "advisory",
        "highway": "primary",
        "lanes": "2",
        "lit": "yes",
        "maxspeed": "50",
        "name": "Bundesallee",
        "oneway": "yes",
        "ref": "B 7",
        "sidewalk": "right",
        "surface": "asphalt"
      },
      "geometry": {
        "type": "LineString",
        "coordinates": [
          [
            7.153575,
            51.2561699
          ],
          [
            7.1536198,
            51.2561687
          ],
          [
            7.1536391,
            51.2561684
          ]
        ]
      }
    },
    {
      "type": "Feature",
      "properties": {
        "osmWayId": 197409226,
        "cycleway:left": "no",
        "cycleway:right": "separate",
        "highway": "primary",
        "lanes": "2",
        "lanes:bus": "1",
        "lit": "yes",
        "maxspeed": "50",
        "name": "Bundesallee",
        "oneway": "yes",
        "ref": "B 7",
        "sidewalk:left": "no",
        "sidewalk:right": "separate",
        "sidewalk:segregated": "yes",
        "surface": "asphalt"
      },
      "geometry": {
        "type": "LineString",
        "coordinates": [
          [
            7.1521471,
            51.2561854
          ],
          [
            7.1529881,
            51.2561758
          ],
          [
            7.1531231,
            51.2561743
          ]
        ]
      }
    },
    {
      "type": "Feature",
      "properties": {
        "osmWayId": 197409227,
        "cycleway:both": "no",
        "foot": "yes",
        "highway": "primary",
        "lanes": "2",
        "lit": "yes",
        "maxspeed": "50",
        "name": "Friedrich-Engels-Allee",
        "oneway": "yes",
        "ref": "B 7",
        "sidewalk": "right",
        "surface": "asphalt",
        "turn:lanes": "through|through;right",
        "wikipedia": "de:Friedrich-Engels-Allee",
        "zone:traffic": "DE:urban"
      },
      "geometry": {
        "type": "LineString",
        "coordinates": [
          [
            7.1636621,
            51.2572123
          ],
          [
            7.1633815,
            51.2571132
          ],
          [
            7.1632118,
            51.2570539
          ],
          [
            7.1630249,
            51.2569887
          ]
        ]
      }
    },
    {
      "type": "Feature",
      "properties": {
        "osmWayId": 208764227,
        "cycleway:both": "no",
        "highway": "primary",
        "lanes": "2",
        "lit": "yes",
        "maxspeed": "50",
        "name": "Friedrich-Engels-Allee",
        "oneway": "yes",
        "parking:both": "no",
        "ref": "B 7",
        "sidewalk": "right",
        "sidewalk:right:surface": "asphalt",
        "smoothness": "intermediate",
        "surface": "asphalt",
        "wikipedia": "de:Friedrich-Engels-Allee",
        "zone:traffic": "DE:urban"
      },
      "geometry": {
        "type": "LineString",
        "coordinates": [
          [
            7.1933001,
            51.2682369
          ],
          [
            7.1931984,
            51.268197
          ],
          [
            7.1930625,
            51.2681422
          ],
          [
            7.1928577,
            51.2680623
          ]
        ]
      }
    },
    {
      "type": "Feature",
      "properties": {
        "osmWayId": 210128729,
        "check_date:lit": "2025-12-09",
        "cycleway:right": "track",
        "foot": "no",
        "highway": "primary",
        "lanes": "3",
        "lit": "yes",
        "maxspeed": "30",
        "name": "Berliner Straße",
        "oneway": "yes",
        "placement": "right_of:2",
        "ref": "B 7",
        "sidewalk:left": "no",
        "sidewalk:right": "separate",
        "surface": "asphalt",
        "turn:lanes": "left|through|through;right"
      },
      "geometry": {
        "type": "LineString",
        "coordinates": [
          [
            7.2215353,
            51.2752714
          ],
          [
            7.2221018,
            51.275306
          ]
        ]
      }
    },
    {
      "type": "Feature",
      "properties": {
        "osmWayId": 210128731,
        "cycleway": "shared_lane",
        "highway": "primary",
        "lanes": "3",
        "lit": "yes",
        "maxspeed": "50",
        "name": "Dahler Straße",
        "oneway": "yes",
        "placement": "right_of:2",
        "priority_road": "designated",
        "ref": "B 7",
        "sidewalk": "right",
        "sidewalk:right:surface": "paving_stones",
        "surface": "asphalt",
        "turn:lanes": "left|through|through;right"
      },
      "geometry": {
        "type": "LineString",
        "coordinates": [
          [
            7.2425715,
            51.280981
          ],
          [
            7.243116,
            51.2809614
          ],
          [
            7.2435751,
            51.2809402
          ]
        ]
      }
    },
    {
      "type": "Feature",
      "properties": {
        "osmWayId": 210128733,
        "cycleway:both": "no",
        "destination:colour:lanes": "white;white|white;white|none;none|none;none|none;white;white",
        "destination:lanes": "Rathaus;Krankenhäuser|Rathaus;Krankenhäuser|Hagen;Schwelm|Hagen;Schwelm|Remscheid;Ronsdorf;Heckinghausen",
        "destination:ref:lanes": "none;none|none;none|B 7|B 7|none",
        "destination:ref:to:lanes": "A 46;A 46|A 46;A 46|none|none|none",
        "destination:symbol:lanes": "none;hospital|none;hospital|none;none|none;none|none;none;none",
        "destination:symbol:to:lanes": "motorway;motorway|motorway;motorway|none|none|none",
        "destination:to:lanes": "Düsseldorf;Dortmund|Düsseldorf;Dortmund|none|none|none",
        "highway": "primary",
        "lanes": "5",
        "lit": "yes",
        "maxspeed": "50",
        "name": "Friedrich-Engels-Allee",
        "oneway": "yes",
        "placement": "right_of:3",
        "ref": "B 7",
        "sidewalk": "right",
        "surface": "asphalt",
        "turn:lanes": "left|left|through|through|right",
        "wikipedia": "de:Friedrich-Engels-Allee",
        "zone:traffic": "DE:urban"
      },
      "geometry": {
        "type": "LineString",
        "coordinates": [
          [
            7.1958751,
            51.2690902
          ],
          [
            7.1959785,
            51.2691265
          ],
          [
            7.1965179,
            51.2693141
          ]
        ]
      }
    },
    {
      "type": "Feature",
      "properties": {
        "osmWayId": 210128734,
        "cycleway:both": "no",
        "highway": "primary",
        "lanes": "3",
        "lit": "yes",
        "maxspeed": "50",
        "name": "Friedrich-Engels-Allee",
        "oneway": "yes",
        "placement": "right_of:2",
        "ref": "B 7",
        "sidewalk": "right",
        "surface": "asphalt",
        "wikipedia": "de:Friedrich-Engels-Allee",
        "zone:traffic": "DE:urban"
      },
      "geometry": {
        "type": "LineString",
        "coordinates": [
          [
            7.1939863,
            51.2683352
          ],
          [
            7.1944103,
            51.2685041
          ],
          [
            7.1951035,
            51.2687834
          ],
          [
            7.1951883,
            51.2688203
          ]
        ]
      }
    },
    {
      "type": "Feature",
      "properties": {
        "osmWayId": 210128735,
        "cycleway:both": "no",
        "destination:colour:lanes": "none;white;white;white|none;white|none;white|white;white",
        "destination:lanes": "Remscheid;Ronsdorf;Opernhaus;Barmen|Mettmann;Elberfeld|Mettmann;Elberfeld|Krankenhaus;Rathaus",
        "destination:ref:lanes": "none;none;none;none|B 7|B 7|none",
        "destination:ref:to:lanes": "none|none|none|A 46",
        "destination:symbol:lanes": "none;none;none;train_station|none;none|none;none|hospital;info",
        "destination:symbol:to:lanes": "none|none|none|motorway",
        "foot": "no",
        "highway": "primary",
        "lanes": "4",
        "lit": "yes",
        "maxspeed": "50",
        "name": "Höhne",
        "oneway": "yes",
        "placement": "right_of:2",
        "ref": "B 7",
        "sidewalk": "no",
        "surface": "asphalt",
        "turn:lanes": "left|through|through|right"
      },
      "geometry": {
        "type": "LineString",
        "coordinates": [
          [
            7.1979465,
            51.2700653
          ],
          [
            7.1977761,
            51.2700432
          ],
          [
            7.1975785,
            51.2700075
          ]
        ]
      }
    },
    {
      "type": "Feature",
      "properties": {
        "osmWayId": 210128736,
        "change:lanes:backward": "not_left|",
        "change:lanes:forward": "not_left||",
        "destination:colour:lanes:forward": "white|yellow;yellow;white|yellow;yellow;white;blue;yellow;white",
        "destination:lanes:forward": "Langerfeld|Mettmann;Remscheid;Barmen|Mettmann;Remscheid;Barmen;;Hattingen;Nächstebreck",
        "destination:ref:to:lanes:forward": "|B 7;;|B 7;;;A 46;;",
        "destination:symbol:lanes:forward": "|;;|;;;motorway;;industrial",
        "highway": "primary",
        "lanes": "5",
        "lanes:backward": "2",
        "lanes:forward": "3",
        "lit": "yes",
        "maxspeed": "50",
        "name": "Jesinghauser Straße",
        "parking:lane": "both",
        "parking:lane:both": "parallel",
        "parking:lane:both:parallel": "by_lay",
        "placement": "right_of:2",
        "priority_road": "designated",
        "ref": "B 7",
        "sidewalk": "both",
        "sidewalk:both:surface": "paving_stones",
        "surface": "asphalt",
        "turn:lanes:forward": "left|through|through;right"
      },
      "geometry": {
        "type": "LineString",
        "coordinates": [
          [
            7.2461491,
            51.2809179
          ],
          [
            7.2459152,
            51.2809048
          ],
          [
            7.245683,
            51.2808999
          ]
        ]
      }
    },
    {
      "type": "Feature",
      "properties": {
        "osmWayId": 210136536,
        "bus:lanes": "yes|yes|designated",
        "cycleway": "share_busway",
        "foot": "no",
        "highway": "primary",
        "lanes": "3",
        "lit": "yes",
        "maxspeed": "50",
        "name": "Robert-Daum-Platz",
        "name:etymology:wikidata": "Q2646",
        "name:etymology:wikipedia": "de:Friedrich Ebert",
        "oneway": "yes",
        "ref": "B 7",
        "sidewalk": "no",
        "source:position": "Bing Aerial Map",
        "surface": "asphalt",
        "turn:lanes": "through|through|through",
        "wikipedia": "Robert-Daum-Platz"
      },
      "geometry": {
        "type": "LineString",
        "coordinates": [
          [
            7.1335161,
            51.2528637
          ],
          [
            7.1336118,
            51.2528692
          ],
          [
            7.1337346,
            51.2528829
          ],
          [
            7.1338416,
            51.2529005
          ]
        ]
      }
    },
    {
      "type": "Feature",
      "properties": {
        "osmWayId": 210136538,
        "bicycle:lanes": "yes|yes|yes|yes|yes",
        "bus:lanes": "yes|yes|yes|yes|designated",
        "check_date": "2024-03-18",
        "cycleway:right": "share_busway",
        "foot": "no",
        "highway": "primary",
        "lanes": "5",
        "lit": "yes",
        "maxspeed": "50",
        "name": "Bundesallee",
        "oneway": "yes",
        "ref": "B 7",
        "sidewalk": "no",
        "surface": "asphalt",
        "turn:lanes": "left|through|through|right|none",
        "vehicle:lanes": "yes|yes|yes|yes|no"
      },
      "geometry": {
        "type": "LineString",
        "coordinates": [
          [
            7.1359236,
            51.2536108
          ],
          [
            7.1351519,
            51.2533989
          ],
          [
            7.134555,
            51.2532276
          ]
        ]
      }
    },
    {
      "type": "Feature",
      "properties": {
        "osmWayId": 210136539,
        "cycleway:both": "no",
        "highway": "primary",
        "lanes": "3",
        "lit": "yes",
        "maxspeed": "50",
        "name": "Bundesallee",
        "oneway": "yes",
        "ref": "B 7",
        "sidewalk": "right",
        "surface": "asphalt"
      },
      "geometry": {
        "type": "LineString",
        "coordinates": [
          [
            7.1545455,
            51.2562852
          ],
          [
            7.1540731,
            51.2562862
          ],
          [
            7.1540085,
            51.2562875
          ],
          [
            7.153895,
            51.256291
          ]
        ]
      }
    },
    {
      "type": "Feature",
      "properties": {
        "osmWayId": 210136540,
        "cycleway:left": "no",
        "cycleway:right": "separate",
        "destination:colour:lanes": "white|;white;white|;white;white|;white;white|white;white",
        "destination:lanes": "Hauptbahnhof|Mettmann;Universität;Historische Stadthalle|Mettmann;Universität;Historische Stadthalle|Mettmann;Universität;Historische Stadthalle|Rathaus-Elberfeld;Elberfeld-Zentrum",
        "destination:ref:lanes": "|B 7|B 7|B 7|",
        "destination:ref:to:lanes": "|A 46|A 46|A 46|A 46",
        "destination:symbol:lanes": "train_station||||",
        "destination:to:lanes": "|Düsseldorf|Düsseldorf|Düsseldorf|Dortmund",
        "highway": "primary",
        "lanes": "5",
        "lit": "yes",
        "maxspeed": "50",
        "maxspeed:type": "DE:urban",
        "name": "Bundesallee",
        "oneway": "yes",
        "parking:left": "no",
        "parking:right": "separate",
        "ref": "B 7",
        "sidewalk:left": "no",
        "sidewalk:right": "separate",
        "smoothness": "good",
        "surface": "asphalt",
        "turn:lanes": "left|through|through|through|right",
        "zone:traffic": "DE:urban"
      },
      "geometry": {
        "type": "LineString",
        "coordinates": [
          [
            7.1518884,
            51.2563063
          ],
          [
            7.1516455,
            51.2563159
          ],
          [
            7.1513195,
            51.2563019
          ]
        ]
      }
    },
    {
      "type": "Feature",
      "properties": {
        "osmWayId": 210136541,
        "cycleway": "lane",
        "highway": "primary",
        "lanes": "3",
        "lanes:backward": "2",
        "lanes:forward": "1",
        "lit": "yes",
        "maxspeed": "50",
        "name": "Friedrich-Ebert-Straße",
        "name:etymology:wikidata": "Q2646",
        "name:etymology:wikipedia": "de:Friedrich Ebert",
        "postal_code": "42117",
        "ref": "B 7",
        "sidewalk": "both",
        "surface": "asphalt",
        "turn:lanes:backward": "left|through",
        "wikidata": "Q1457731",
        "wikipedia": "Friedrich-Ebert-Straße (Wuppertal)"
      },
      "geometry": {
        "type": "LineString",
        "coordinates": [
          [
            7.1304659,
            51.2521491
          ],
          [
            7.1310603,
            51.252422
          ],
          [
            7.1314612,
            51.2526013
          ],
          [
            7.1315648,
            51.2526488
          ],
          [
            7.1317639,
            51.252742
          ]
        ]
      }
    },
    {
      "type": "Feature",
      "properties": {
        "osmWayId": 210136542,
        "cycleway:both": "no",
        "foot": "yes",
        "highway": "primary",
        "lanes": "4",
        "lit": "yes",
        "maxspeed": "50",
        "name": "Friedrich-Engels-Allee",
        "oneway": "yes",
        "ref": "B 7",
        "sidewalk": "right",
        "smoothness": "excellent",
        "surface": "asphalt",
        "turn:lanes": "left|left|through|through",
        "wikipedia": "de:Friedrich-Engels-Allee",
        "zone:traffic": "DE:urban"
      },
      "geometry": {
        "type": "LineString",
        "coordinates": [
          [
            7.1660414,
            51.2581732
          ],
          [
            7.1654465,
            51.2578648
          ],
          [
            7.165015,
            51.2576922
          ],
          [
            7.164599,
            51.2575428
          ],
          [
            7.1645335,
            51.2575198
          ],
          [
            7.1639068,
            51.2572998
          ],
          [
            7.1638613,
            51.2572832
          ],
          [
            7.1636621,
            51.2572123
          ]
        ]
      }
    },
    {
      "type": "Feature",
      "properties": {
        "osmWayId": 210136543,
        "cycleway:right": "no",
        "foot": "no",
        "highway": "primary",
        "lanes": "3",
        "lit": "yes",
        "maxspeed": "50",
        "name": "Friedrich-Engels-Allee",
        "oneway": "yes",
        "ref": "B 7",
        "sidewalk": "right",
        "sidewalk:right:surface": "paving_stones",
        "smoothness": "good",
        "surface": "asphalt",
        "turn:lanes": "left|through|through;right",
        "wikipedia": "de:Friedrich-Engels-Allee",
        "zone:traffic": "DE:urban"
      },
      "geometry": {
        "type": "LineString",
        "coordinates": [
          [
            7.1656146,
            51.2577764
          ],
          [
            7.1661486,
            51.2580356
          ],
          [
            7.1663934,
            51.2581677
          ]
        ]
      }
    },
    {
      "type": "Feature",
      "properties": {
        "osmWayId": 210136544,
        "cycleway:both": "no",
        "highway": "primary",
        "lanes": "3",
        "lit": "yes",
        "maxspeed": "50",
        "name": "Friedrich-Engels-Allee",
        "oneway": "yes",
        "ref": "B 7",
        "sidewalk": "right",
        "surface": "asphalt",
        "turn:lanes": "through|through|right",
        "wikipedia": "de:Friedrich-Engels-Allee",
        "zone:traffic": "DE:urban"
      },
      "geometry": {
        "type": "LineString",
        "coordinates": [
          [
            7.1605651,
            51.2560933
          ],
          [
            7.1609426,
            51.2561583
          ],
          [
            7.1613225,
            51.2562359
          ],
          [
            7.1617994,
            51.2563649
          ],
          [
            7.1620153,
            51.2564381
          ],
          [
            7.1620544,
            51.2564513
          ],
          [
            7.1629783,
            51.2567899
          ],
          [
            7.163082,
            51.2568297
          ],
          [
            7.1634556,
            51.2569718
          ],
          [
            7.1634957,
            51.2569869
          ]
        ]
      }
    },
    {
      "type": "Feature",
      "properties": {
        "osmWayId": 215864291,
        "cycleway:right": "track",
        "highway": "primary",
        "lanes": "2",
        "lit": "yes",
        "maxspeed": "50",
        "name": "Berliner Straße",
        "oneway": "yes",
        "parking:left": "no",
        "parking:right": "street_side",
        "parking:right:orientation": "parallel",
        "ref": "B 7",
        "sidewalk": "right",
        "sidewalk:right:surface": "paving_stones",
        "smoothness": "good",
        "surface": "asphalt"
      },
      "geometry": {
        "type": "LineString",
        "coordinates": [
          [
            7.2154979,
            51.2747914
          ],
          [
            7.2153244,
            51.2747528
          ]
        ]
      }
    },
    {
      "type": "Feature",
      "properties": {
        "osmWayId": 215864292,
        "cycleway:right": "track",
        "highway": "primary",
        "lanes": "3",
        "lit": "yes",
        "maxspeed": "30",
        "name": "Berliner Straße",
        "oneway": "yes",
        "parking:left": "no",
        "parking:right": "street_side",
        "parking:right:orientation": "parallel",
        "placement": "right_of:2",
        "ref": "B 7",
        "sidewalk": "right",
        "sidewalk:right:surface": "paving_stones",
        "surface": "asphalt",
        "turn:lanes": "left|through|through;right"
      },
      "geometry": {
        "type": "LineString",
        "coordinates": [
          [
            7.2155598,
            51.2747027
          ],
          [
            7.2166974,
            51.2749571
          ]
        ]
      }
    },
    {
      "type": "Feature",
      "properties": {
        "osmWayId": 221049966,
        "cycleway:both": "no",
        "destination:colour:lanes": "none;white;white;white|none;white;white;white|none;white|none;white",
        "destination:lanes": "Remscheid;Ronsdorf;Opernhaus;Barmen|Remscheid;Ronsdorf;Opernhaus;Barmen|Mettmann;Elberfeld|Mettmann;Elberfeld",
        "destination:ref:lanes": "none;none;none;none|none;none;none;none|B 7|B 7",
        "destination:ref:to:lanes": "none|none|none|none",
        "destination:symbol:lanes": "none;none;none;train_station|none;none;none;train_station|none;none|none;none",
        "destination:symbol:to:lanes": "none|none|none|none",
        "foot": "no",
        "highway": "primary",
        "lanes": "4",
        "layer": "1",
        "lit": "yes",
        "maxspeed": "50",
        "name": "Höhne",
        "oneway": "yes",
        "parking:both": "no",
        "placement": "right_of:3",
        "ref": "B 7",
        "sidewalk": "no",
        "surface": "asphalt",
        "turn:lanes": "left|left|through|through"
      },
      "geometry": {
        "type": "LineString",
        "coordinates": [
          [
            7.1973842,
            51.2699536
          ],
          [
            7.1971475,
            51.2698571
          ],
          [
            7.1971133,
            51.2698441
          ]
        ]
      }
    },
    {
      "type": "Feature",
      "properties": {
        "osmWayId": 224023134,
        "alt_name": "Einschienige Hängebahn System Eugen Langen",
        "bridge": "yes",
        "electrified": "rail",
        "frequency": "0",
        "layer": "5",
        "level": "2",
        "monorail": "hanging",
        "name": "Schwebebahn",
        "oneway": "yes",
        "railway": "monorail",
        "railway:etcs": "2",
        "voltage": "750"
      },
      "geometry": {
        "type": "LineString",
        "coordinates": [
          [
            7.2228727,
            51.2747781
          ],
          [
            7.2224884,
            51.2747689
          ]
        ]
      }
    },
    {
      "type": "Feature",
      "properties": {
        "osmWayId": 224023986,
        "alt_name": "Einschienige Hängebahn System Eugen Langen",
        "bridge": "yes",
        "electrified": "rail",
        "frequency": "0",
        "layer": "2",
        "level": "2",
        "monorail": "hanging",
        "name": "Schwebebahn",
        "railway": "monorail",
        "railway:etcs": "2",
        "railway:radio": "TETRA",
        "tracks": "2",
        "voltage": "750"
      },
      "geometry": {
        "type": "LineString",
        "coordinates": [
          [
            7.1029171,
            51.2390172
          ],
          [
            7.1029959,
            51.2390856
          ],
          [
            7.1030433,
            51.2391328
          ],
          [
            7.1030788,
            51.2391722
          ],
          [
            7.1031362,
            51.2392455
          ],
          [
            7.1031804,
            51.2393139
          ],
          [
            7.103208,
            51.2393651
          ],
          [
            7.1032518,
            51.2394723
          ],
          [
            7.1032777,
            51.23958
          ],
          [
            7.1032796,
            51.2398883
          ],
          [
            7.1032692,
            51.2401953
          ],
          [
            7.1032618,
            51.240503
          ]
        ]
      }
    },
    {
      "type": "Feature",
      "properties": {
        "osmWayId": 229456697,
        "bicycle:lanes": "yes|yes|yes",
        "bus:lanes": "yes|yes|designated",
        "cycleway:right": "share_busway",
        "foot": "use_sidepath",
        "highway": "primary",
        "lanes": "3",
        "lit": "yes",
        "maxspeed": "50",
        "name": "Bundesallee",
        "oneway": "yes",
        "ref": "B 7",
        "sidewalk": "no",
        "surface": "asphalt",
        "taxi:lanes": "yes|yes|yes",
        "vehicle:lanes": "yes|yes|no"
      },
      "geometry": {
        "type": "LineString",
        "coordinates": [
          [
            7.139606,
            51.2545131
          ],
          [
            7.1390956,
            51.2544063
          ],
          [
            7.1385755,
            51.2542845
          ],
          [
            7.1380639,
            51.254159
          ],
          [
            7.1367376,
            51.2538395
          ],
          [
            7.1365945,
            51.2537991
          ]
        ]
      }
    },
    {
      "type": "Feature",
      "properties": {
        "osmWayId": 231610948,
        "bicycle:lanes": "yes|yes|yes",
        "bus:lanes": "yes|yes|designated",
        "cycleway:right": "share_busway",
        "foot": "no",
        "highway": "primary",
        "lanes": "3",
        "lit": "yes",
        "maxspeed": "50",
        "name": "Bundesallee",
        "oneway": "yes",
        "ref": "B 7",
        "sidewalk": "no",
        "surface": "asphalt",
        "vehicle:lanes": "yes|yes|no"
      },
      "geometry": {
        "type": "LineString",
        "coordinates": [
          [
            7.1365945,
            51.2537991
          ],
          [
            7.1364987,
            51.2537718
          ],
          [
            7.1362576,
            51.2537015
          ],
          [
            7.1362075,
            51.2536875
          ]
        ]
      }
    },
    {
      "type": "Feature",
      "properties": {
        "osmWayId": 240931291,
        "cycleway:both": "lane",
        "cycleway:lanes": "lane|none|none|lane",
        "highway": "primary",
        "lanes": "2",
        "lanes:backward": "1",
        "lanes:forward": "1",
        "lit": "yes",
        "maxspeed": "50",
        "motor_vehicle:lanes": "no|yes|yes|no",
        "name": "Varresbecker Straße",
        "ref": "B 7",
        "sidewalk": "both",
        "surface": "asphalt"
      },
      "geometry": {
        "type": "LineString",
        "coordinates": [
          [
            7.1037303,
            51.2513271
          ],
          [
            7.1039124,
            51.251788
          ],
          [
            7.1040856,
            51.2522341
          ],
          [
            7.1040957,
            51.2522674
          ]
        ]
      }
    },
    {
      "type": "Feature",
      "properties": {
        "osmWayId": 240931292,
        "cycleway:right": "lane",
        "cycleway:right:lane": "advisory",
        "highway": "primary",
        "lanes": "2",
        "lit": "yes",
        "maxspeed": "50",
        "name": "Varresbecker Straße",
        "oneway": "yes",
        "ref": "B 7",
        "sidewalk:left": "no",
        "sidewalk:right": "separate",
        "surface": "asphalt",
        "turn:lanes": "through|through"
      },
      "geometry": {
        "type": "LineString",
        "coordinates": [
          [
            7.1043417,
            51.2532899
          ],
          [
            7.104255,
            51.2529916
          ],
          [
            7.1041706,
            51.2526866
          ],
          [
            7.1041463,
            51.2525986
          ],
          [
            7.1041414,
            51.2524176
          ]
        ]
      }
    },
    {
      "type": "Feature",
      "properties": {
        "osmWayId": 240932003,
        "cycleway:both": "lane",
        "cycleway:lanes": "none|lane|none|none|lane",
        "highway": "primary",
        "lanes": "3",
        "lanes:backward": "2",
        "lanes:forward": "1",
        "lit": "yes",
        "maxspeed": "50",
        "motor_vehicle:lanes": "yes|no|yes|yes|no",
        "name": "Varresbecker Straße",
        "note": "https://www.wuppertal.de/rathaus-buergerservice/verkehr/baustellen/meldungen/varresbecker-strasse.php",
        "ref": "B 7",
        "sidewalk": "right",
        "surface": "asphalt",
        "turn:lanes:backward": "through|right"
      },
      "geometry": {
        "type": "LineString",
        "coordinates": [
          [
            7.1032773,
            51.2501881
          ],
          [
            7.1034518,
            51.2506377
          ],
          [
            7.1034723,
            51.2506904
          ],
          [
            7.1035481,
            51.2508856
          ],
          [
            7.1036256,
            51.2510854
          ],
          [
            7.1036488,
            51.2511391
          ]
        ]
      }
    },
    {
      "type": "Feature",
      "properties": {
        "osmWayId": 240932004,
        "cycleway:both": "no",
        "highway": "primary",
        "lanes": "4",
        "lanes:backward": "2",
        "lanes:forward": "2",
        "lit": "yes",
        "maxspeed": "50",
        "name": "Varresbecker Straße",
        "ref": "B 7",
        "sidewalk": "both",
        "sidewalk:both:surface": "paving_stones",
        "surface": "asphalt",
        "turn:lanes:forward": "left|through"
      },
      "geometry": {
        "type": "LineString",
        "coordinates": [
          [
            7.102863,
            51.2491727
          ],
          [
            7.1028945,
            51.2492847
          ],
          [
            7.1029467,
            51.2494199
          ],
          [
            7.103154,
            51.2498971
          ]
        ]
      }
    },
    {
      "type": "Feature",
      "properties": {
        "osmWayId": 240932005,
        "check_date": "2025-08-25",
        "cycleway:both": "lane",
        "cycleway:lane": "lane|none|none|lane",
        "highway": "primary",
        "lanes": "2",
        "lanes:backward": "1",
        "lanes:forward": "1",
        "lit": "yes",
        "maxspeed": "50",
        "motor_vehicle:lanes": "no|yes|yes|no",
        "name": "Varresbecker Straße",
        "ref": "B 7",
        "sidewalk": "right",
        "sidewalk:both:surface": "paving_stones",
        "surface": "asphalt"
      },
      "geometry": {
        "type": "LineString",
        "coordinates": [
          [
            7.1036488,
            51.2511391
          ],
          [
            7.1037303,
            51.2513271
          ]
        ]
      }
    },
    {
      "type": "Feature",
      "properties": {
        "osmWayId": 240932006,
        "highway": "primary",
        "lanes": "4",
        "lit": "yes",
        "maxspeed": "50",
        "name": "Düsseldorfer Straße",
        "oneway": "yes",
        "ref": "B 7",
        "sidewalk:left": "no",
        "sidewalk:right": "separate",
        "surface": "asphalt",
        "turn:lanes": "left|left|through|through;slight_right"
      },
      "geometry": {
        "type": "LineString",
        "coordinates": [
          [
            7.1031468,
            51.2539399
          ],
          [
            7.1033125,
            51.2538609
          ],
          [
            7.1036523,
            51.2537347
          ]
        ]
      }
    },
    {
      "type": "Feature",
      "properties": {
        "osmWayId": 240932493,
        "foot": "no",
        "highway": "primary",
        "lanes": "2",
        "lit": "yes",
        "maxspeed": "50",
        "name": "Varresbecker Straße",
        "oneway": "yes",
        "ref": "B 7",
        "sidewalk": "no",
        "surface": "asphalt"
      },
      "geometry": {
        "type": "LineString",
        "coordinates": [
          [
            7.1044317,
            51.253492
          ],
          [
            7.1043803,
            51.2533998
          ],
          [
            7.1043417,
            51.2532899
          ]
        ]
      }
    },
    {
      "type": "Feature",
      "properties": {
        "osmWayId": 241005068,
        "change:lanes:backward": "not_left|",
        "change:lanes:forward": "not_left|",
        "highway": "primary",
        "lanes": "4",
        "lanes:backward": "2",
        "lanes:forward": "2",
        "lit": "yes",
        "maxspeed": "50",
        "name": "Jesinghauser Straße",
        "parking:lane": "both",
        "parking:lane:both": "parallel",
        "parking:lane:both:parallel": "lay_by",
        "priority_road": "designated",
        "ref": "B 7",
        "sidewalk": "both",
        "sidewalk:both:surface": "paving_stones",
        "surface": "asphalt"
      },
      "geometry": {
        "type": "LineString",
        "coordinates": [
          [
            7.2484183,
            51.2813963
          ],
          [
            7.2470211,
            51.2810626
          ],
          [
            7.246736,
            51.2809996
          ],
          [
            7.2465412,
            51.2809619
          ]
        ]
      }
    },
    {
      "type": "Feature",
      "properties": {
        "osmWayId": 241005070,
        "change:lanes:backward": "not_left|",
        "change:lanes:forward": "not_left||",
        "highway": "primary",
        "lanes": "5",
        "lanes:backward": "2",
        "lanes:forward": "3",
        "lit": "yes",
        "maxspeed": "50",
        "name": "Jesinghauser Straße",
        "parking:lane": "right",
        "parking:lane:right": "parallel",
        "parking:lane:right:parallel": "lay_by",
        "placement": "right_of:2",
        "priority_road": "designated",
        "ref": "B 7",
        "sidewalk": "both",
        "sidewalk:both:surface": "paving_stones",
        "surface": "asphalt",
        "turn:lanes:forward": "left|through|through"
      },
      "geometry": {
        "type": "LineString",
        "coordinates": [
          [
            7.2501413,
            51.2818133
          ],
          [
            7.2498018,
            51.2817277
          ],
          [
            7.2492902,
            51.2816069
          ]
        ]
      }
    },
    {
      "type": "Feature",
      "properties": {
        "osmWayId": 241007451,
        "cycleway": "shared_lane",
        "destination:lanes": "Langerfeld|Mettmann;Remscheid;Barmen;Oberbarmen|Mettmann;Remscheid;Barmen;Oberbarmen",
        "highway": "primary",
        "lanes": "3",
        "lit": "yes",
        "maxspeed": "50",
        "name": "Jesinghauser Straße",
        "oneway": "yes",
        "parking:both": "no",
        "placement": "right_of:2",
        "priority_road": "designated",
        "ref": "B 7",
        "sidewalk": "no",
        "surface": "asphalt",
        "turn:lanes": "left|through|through"
      },
      "geometry": {
        "type": "LineString",
        "coordinates": [
          [
            7.2446037,
            51.2810118
          ],
          [
            7.244321,
            51.2810257
          ],
          [
            7.244278,
            51.2810278
          ],
          [
            7.2441047,
            51.2810369
          ]
        ]
      }
    },
    {
      "type": "Feature",
      "properties": {
        "osmWayId": 241007806,
        "cycleway": "shared_lane",
        "destination:colour:lanes": "white|yellow;yellow;white|yellow;yellow;white|blue;yellow;white",
        "destination:lanes": "Langerfeld|Mettmann;Remscheid;Barmen|Mettmann;Remscheid;Barmen|;Hattingen;Nächstebreck",
        "destination:ref:to:lanes": "|B 7;;|B 7;;|A 46;;",
        "destination:symbol:lanes": "|;;|;;|motorway;;industrial",
        "highway": "primary",
        "lanes": "4",
        "lit": "yes",
        "maxspeed": "50",
        "name": "Jesinghauser Straße",
        "oneway": "yes",
        "parking:lane": "right",
        "parking:lane:right": "parallel",
        "parking:lane:right:parallel": "on_kerb",
        "placement": "right_of:2",
        "priority_road": "designated",
        "ref": "B 7",
        "sidewalk": "right",
        "sidewalk:right:surface": "paving_stones",
        "surface": "asphalt",
        "turn:lanes": "left|through|through|slight_right"
      },
      "geometry": {
        "type": "LineString",
        "coordinates": [
          [
            7.2453252,
            51.2809763
          ],
          [
            7.2449056,
            51.2809969
          ],
          [
            7.2446037,
            51.2810118
          ]
        ]
      }
    },
    {
      "type": "Feature",
      "properties": {
        "osmWayId": 241074463,
        "cycleway": "shared_lane",
        "highway": "primary",
        "lanes": "4",
        "lanes:backward": "2",
        "lanes:forward": "2",
        "lit": "yes",
        "maxheight": "default",
        "maxspeed": "50",
        "name": "Dahler Straße",
        "ref": "B 7",
        "sidewalk": "both",
        "smoothness": "excellent",
        "surface": "asphalt"
      },
      "geometry": {
        "type": "LineString",
        "coordinates": [
          [
            7.2381336,
            51.2795015
          ],
          [
            7.2385962,
            51.2800259
          ],
          [
            7.2387509,
            51.2801694
          ],
          [
            7.2389352,
            51.2803081
          ],
          [
            7.2391006,
            51.2804151
          ],
          [
            7.2393772,
            51.2805307
          ],
          [
            7.239511,
            51.2805678
          ],
          [
            7.2396356,
            51.2806022
          ],
          [
            7.2398688,
            51.2806558
          ],
          [
            7.2399579,
            51.2806714
          ],
          [
            7.2400989,
            51.280696
          ]
        ]
      }
    },
    {
      "type": "Feature",
      "properties": {
        "osmWayId": 241074464,
        "cycleway:both": "lane",
        "cycleway:both:lane": "advisory",
        "highway": "primary",
        "lanes": "5",
        "lanes:backward": "3",
        "lanes:forward": "2",
        "lit": "yes",
        "maxspeed": "50",
        "name": "Dahler Straße",
        "ref": "B 7",
        "sidewalk": "both",
        "surface": "asphalt",
        "turn:lanes:backward": "left|through|through"
      },
      "geometry": {
        "type": "LineString",
        "coordinates": [
          [
            7.2377043,
            51.2789779
          ],
          [
            7.2378075,
            51.2790992
          ],
          [
            7.2379652,
            51.2792845
          ],
          [
            7.2380244,
            51.27936
          ]
        ]
      }
    },
    {
      "type": "Feature",
      "properties": {
        "osmWayId": 241085590,
        "cycleway:right": "no",
        "highway": "primary",
        "lanes": "3",
        "lit": "yes",
        "maxspeed": "50",
        "name": "Friedrich-Engels-Allee",
        "oneway": "yes",
        "placement": "right_of:2",
        "ref": "B 7",
        "sidewalk": "right",
        "smoothness": "intermediate",
        "surface": "asphalt",
        "turn:lanes": "left|through|through",
        "wikipedia": "de:Friedrich-Engels-Allee"
      },
      "geometry": {
        "type": "LineString",
        "coordinates": [
          [
            7.1847613,
            51.2653388
          ],
          [
            7.1853959,
            51.2655328
          ],
          [
            7.185473,
            51.2655527
          ]
        ]
      }
    },
    {
      "type": "Feature",
      "properties": {
        "osmWayId": 241085593,
        "highway": "primary",
        "lanes": "2",
        "lit": "yes",
        "maxspeed": "50",
        "name": "Friedrich-Engels-Allee",
        "oneway": "yes",
        "ref": "B 7",
        "sidewalk": "right",
        "sidewalk:right:surface": "paving_stones",
        "smoothness": "intermediate",
        "surface": "asphalt",
        "wikipedia": "de:Friedrich-Engels-Allee",
        "zone:traffic": "DE:urban"
      },
      "geometry": {
        "type": "LineString",
        "coordinates": [
          [
            7.185473,
            51.2655527
          ],
          [
            7.185482,
            51.2655551
          ],
          [
            7.1856433,
            51.2655979
          ],
          [
            7.1860875,
            51.2657122
          ],
          [
            7.1872208,
            51.2659883
          ],
          [
            7.1883945,
            51.2662674
          ],
          [
            7.1888515,
            51.2663992
          ],
          [
            7.1895613,
            51.2666057
          ],
          [
            7.1897637,
            51.2666662
          ],
          [
            7.1899681,
            51.2667257
          ]
        ]
      }
    },
    {
      "type": "Feature",
      "properties": {
        "osmWayId": 241085653,
        "cycleway:both": "no",
        "highway": "primary",
        "lanes": "2",
        "lit": "yes",
        "maxspeed": "50",
        "name": "Friedrich-Engels-Allee",
        "oneway": "yes",
        "ref": "B 7",
        "sidewalk": "right",
        "sidewalk:right:surface": "paving_stones",
        "smoothness": "good",
        "surface": "asphalt",
        "wikipedia": "de:Friedrich-Engels-Allee",
        "zone:traffic": "DE:urban"
      },
      "geometry": {
        "type": "LineString",
        "coordinates": [
          [
            7.19047,
            51.266888
          ],
          [
            7.1908645,
            51.2670251
          ],
          [
            7.1914795,
            51.2672537
          ],
          [
            7.1919999,
            51.267465
          ],
          [
            7.1924407,
            51.2676768
          ]
        ]
      }
    },
    {
      "type": "Feature",
      "properties": {
        "osmWayId": 241085825,
        "check_date:surface": "2025-03-26",
        "cycleway:both": "no",
        "highway": "primary",
        "lanes": "4",
        "lit": "yes",
        "maxspeed": "50",
        "name": "Friedrich-Engels-Allee",
        "oneway": "yes",
        "placement": "right_of:3",
        "ref": "B 7",
        "sidewalk": "right",
        "surface": "asphalt",
        "turn:lanes": "left|left|through|through",
        "wikipedia": "de:Friedrich-Engels-Allee",
        "zone:traffic": "DE:urban"
      },
      "geometry": {
        "type": "LineString",
        "coordinates": [
          [
            7.1955071,
            51.2689461
          ],
          [
            7.1958751,
            51.2690902
          ]
        ]
      }
    },
    {
      "type": "Feature",
      "properties": {
        "osmWayId": 241085826,
        "cycleway:both": "no",
        "highway": "primary",
        "lanes": "3",
        "lit": "yes",
        "maxspeed": "50",
        "name": "Friedrich-Engels-Allee",
        "oneway": "yes",
        "ref": "B 7",
        "sidewalk": "right",
        "surface": "asphalt",
        "turn:lanes": "left|through|through",
        "wikipedia": "de:Friedrich-Engels-Allee",
        "zone:traffic": "DE:urban"
      },
      "geometry": {
        "type": "LineString",
        "coordinates": [
          [
            7.1951883,
            51.2688203
          ],
          [
            7.1955071,
            51.2689461
          ]
        ]
      }
    },
    {
      "type": "Feature",
      "properties": {
        "osmWayId": 241089158,
        "cycleway:both": "no",
        "destination:colour:lanes": "none;white;white;white|none;white;white;white|none;white|none;white|white;white",
        "destination:lanes": "Remscheid;Ronsdorf;Opernhaus;Barmen|Remscheid;Ronsdorf;Opernhaus;Barmen|Mettmann;Elberfeld|Mettmann;Elberfeld|Krankenhaus;Rathaus",
        "destination:ref:lanes": "none;none;none;none|none;none;none;none|B 7|B 7|none",
        "destination:ref:to:lanes": "none|none|none|none|A 46",
        "destination:symbol:lanes": "none;none;none;train_station|none;none;none;train_station|none;none|none;none|hospital;info",
        "destination:symbol:to:lanes": "none|none|none|none|motorway",
        "foot": "no",
        "highway": "primary",
        "lanes": "5",
        "lit": "yes",
        "maxspeed": "50",
        "name": "Höhne",
        "oneway": "yes",
        "placement": "right_of:3",
        "ref": "B 7",
        "sidewalk": "no",
        "smoothness": "intermediate",
        "surface": "asphalt",
        "turn:lanes": "left|left|through|through|right"
      },
      "geometry": {
        "type": "LineString",
        "coordinates": [
          [
            7.1975785,
            51.2700075
          ],
          [
            7.1973842,
            51.2699536
          ]
        ]
      }
    },
    {
      "type": "Feature",
      "properties": {
        "osmWayId": 241089159,
        "cycleway:both": "no",
        "highway": "primary",
        "lanes": "3",
        "lit": "yes",
        "maxspeed": "50",
        "name": "Höhne",
        "oneway": "yes",
        "parking:both": "no",
        "ref": "B 7",
        "sidewalk": "right",
        "smoothness": "good",
        "surface": "asphalt",
        "turn:lanes": "through|through|right"
      },
      "geometry": {
        "type": "LineString",
        "coordinates": [
          [
            7.1993113,
            51.2700412
          ],
          [
            7.1997892,
            51.2700889
          ],
          [
            7.2000542,
            51.270135
          ],
          [
            7.2002433,
            51.270174
          ]
        ]
      }
    },
    {
      "type": "Feature",
      "properties": {
        "osmWayId": 241089161,
        "cycleway:both": "no",
        "highway": "primary",
        "lanes": "3",
        "lit": "yes",
        "maxspeed": "50",
        "name": "Höhne",
        "oneway": "yes",
        "placement": "right_of:1",
        "ref": "B 7",
        "sidewalk": "right",
        "smoothness": "intermediate",
        "surface": "asphalt",
        "turn:lanes": "through|through|right"
      },
      "geometry": {
        "type": "LineString",
        "coordinates": [
          [
            7.1997269,
            51.2702537
          ],
          [
            7.1993663,
            51.2702021
          ],
          [
            7.1988756,
            51.2701521
          ],
          [
            7.1979465,
            51.2700653
          ]
        ]
      }
    },
    {
      "type": "Feature",
      "properties": {
        "osmWayId": 241089880,
        "cycleway:both": "no",
        "highway": "primary",
        "lanes": "3",
        "lit": "yes",
        "maxspeed": "50",
        "name": "Höhne",
        "oneway": "yes",
        "placement": "right_of:2",
        "ref": "B 7",
        "sidewalk": "right",
        "sidewalk:right:surface": "paving_stones",
        "smoothness": "good",
        "surface": "asphalt",
        "turn:lanes": "left|through|through;right"
      },
      "geometry": {
        "type": "LineString",
        "coordinates": [
          [
            7.2009128,
            51.270482
          ],
          [
            7.2002786,
            51.2703479
          ],
          [
            7.2001569,
            51.2703251
          ],
          [
            7.2001148,
            51.270317
          ]
        ]
      }
    },
    {
      "type": "Feature",
      "properties": {
        "osmWayId": 241090749,
        "highway": "primary",
        "lanes": "3",
        "lit": "yes",
        "maxspeed": "50",
        "name": "Höhne",
        "oneway": "yes",
        "placement": "right_of:2",
        "ref": "B 7",
        "sidewalk": "right",
        "sidewalk:right:surface": "paving_stones",
        "surface": "asphalt",
        "turn:lanes": "left|through|through"
      },
      "geometry": {
        "type": "LineString",
        "coordinates": [
          [
            7.2056639,
            51.2716023
          ],
          [
            7.2057398,
            51.2716503
          ],
          [
            7.2058596,
            51.271724
          ],
          [
            7.2059556,
            51.2717955
          ],
          [
            7.2060436,
            51.2718714
          ],
          [
            7.2061066,
            51.2719348
          ],
          [
            7.2061613,
            51.2720008
          ],
          [
            7.206222,
            51.2720899
          ],
          [
            7.2065553,
            51.2725881
          ],
          [
            7.2066198,
            51.2726787
          ],
          [
            7.2066947,
            51.2727662
          ]
        ]
      }
    },
    {
      "type": "Feature",
      "properties": {
        "osmWayId": 241090750,
        "cycleway:both": "no",
        "highway": "primary",
        "lanes": "2",
        "lit": "yes",
        "maxspeed": "50",
        "name": "Höhne",
        "oneway": "yes",
        "ref": "B 7",
        "sidewalk": "right",
        "sidewalk:right:surface": "paving_stones",
        "smoothness": "good",
        "surface": "asphalt"
      },
      "geometry": {
        "type": "LineString",
        "coordinates": [
          [
            7.2010361,
            51.2705144
          ],
          [
            7.2009128,
            51.270482
          ]
        ]
      }
    },
    {
      "type": "Feature",
      "properties": {
        "osmWayId": 241090751,
        "cycleway:both": "no",
        "highway": "primary",
        "lanes": "3",
        "lit": "yes",
        "maxspeed": "50",
        "name": "Höhne",
        "oneway": "yes",
        "ref": "B 7",
        "sidewalk": "right",
        "surface": "asphalt",
        "turn:lanes": "left;through|through|right"
      },
      "geometry": {
        "type": "LineString",
        "coordinates": [
          [
            7.2015973,
            51.2706546
          ],
          [
            7.2010361,
            51.2705144
          ]
        ]
      }
    },
    {
      "type": "Feature",
      "properties": {
        "osmWayId": 241092498,
        "cycleway:right": "track",
        "highway": "primary",
        "lanes": "3",
        "lit": "yes",
        "maxspeed": "50",
        "name": "Berliner Straße",
        "name:etymology:wikidata": "Q64",
        "oneway": "yes",
        "placement": "right_of:1",
        "ref": "B 7",
        "sidewalk": "right",
        "sidewalk:right:surface": "paving_stones",
        "surface": "asphalt",
        "turn:lanes": "through|through|right"
      },
      "geometry": {
        "type": "LineString",
        "coordinates": [
          [
            7.2084225,
            51.2737689
          ],
          [
            7.2081866,
            51.2736912
          ],
          [
            7.2078103,
            51.2735323
          ],
          [
            7.2069284,
            51.2731207
          ],
          [
            7.2068274,
            51.2730486
          ]
        ]
      }
    },
    {
      "type": "Feature",
      "properties": {
        "osmWayId": 241098758,
        "cycleway:right": "track",
        "highway": "primary",
        "lanes": "3",
        "lit": "yes",
        "maxspeed": "50",
        "name": "Berliner Straße",
        "name:etymology:wikidata": "Q64",
        "oneway": "yes",
        "placement": "right_of:1",
        "ref": "B 7",
        "sidewalk": "right",
        "sidewalk:right:surface": "paving_stones",
        "smoothness": "good",
        "surface": "asphalt",
        "turn:lanes": "through|through|right"
      },
      "geometry": {
        "type": "LineString",
        "coordinates": [
          [
            7.212542,
            51.2742986
          ],
          [
            7.2132211,
            51.2743494
          ],
          [
            7.2133601,
            51.274359
          ],
          [
            7.2138184,
            51.2743829
          ]
        ]
      }
    },
    {
      "type": "Feature",
      "properties": {
        "osmWayId": 241099033,
        "cycleway:right": "track",
        "highway": "primary",
        "lanes": "3",
        "lit": "yes",
        "maxspeed": "30",
        "name": "Berliner Straße",
        "name:etymology:wikidata": "Q64",
        "oneway": "yes",
        "parking:left": "no",
        "parking:right": "street_side",
        "parking:right:orientation": "parallel",
        "placement": "right_of:2",
        "ref": "B 7",
        "sidewalk": "right",
        "sidewalk:right:surface": "paving_stones",
        "smoothness": "good",
        "surface": "asphalt",
        "turn:lanes": "left|through|through"
      },
      "geometry": {
        "type": "LineString",
        "coordinates": [
          [
            7.2153244,
            51.2747528
          ],
          [
            7.2148954,
            51.2746607
          ],
          [
            7.2146812,
            51.2746197
          ],
          [
            7.2140913,
            51.2745109
          ],
          [
            7.2140596,
            51.2745063
          ],
          [
            7.2140019,
            51.274498
          ],
          [
            7.2138107,
            51.2744727
          ]
        ]
      }
    },
    {
      "type": "Feature",
      "properties": {
        "osmWayId": 241100370,
        "change:lanes": "|not_right|no",
        "cycleway:right": "track",
        "highway": "primary",
        "lanes": "3",
        "lit": "yes",
        "maxspeed": "30",
        "name": "Berliner Straße",
        "oneway": "yes",
        "parking:left": "no",
        "parking:right": "street_side",
        "parking:right:orientation": "parallel",
        "placement": "right_of:2",
        "ref": "B 7",
        "sidewalk": "right",
        "sidewalk:right:surface": "paving_stones",
        "source:maxspeed": "DE:urban",
        "surface": "asphalt",
        "turn:lanes": "left|through|through"
      },
      "geometry": {
        "type": "LineString",
        "coordinates": [
          [
            7.2166974,
            51.2749571
          ],
          [
            7.2170041,
            51.275011
          ],
          [
            7.2171846,
            51.2750314
          ],
          [
            7.217572,
            51.2750628
          ],
          [
            7.2176353,
            51.275068
          ],
          [
            7.2178903,
            51.2750852
          ]
        ]
      }
    },
    {
      "type": "Feature",
      "properties": {
        "osmWayId": 241100892,
        "bus:lanes": "yes|yes|designated|yes",
        "cycleway:right": "track",
        "highway": "primary",
        "lanes": "4",
        "lanes:bus": "1",
        "lit": "yes",
        "maxspeed": "30",
        "name": "Berliner Straße",
        "oneway": "yes",
        "parking:left": "no",
        "parking:right": "street_side",
        "parking:right:orientation": "parallel",
        "placement": "right_of:1",
        "ref": "B 7",
        "sidewalk": "right",
        "sidewalk:right:surface": "paving_stones",
        "smoothness": "good",
        "surface": "asphalt",
        "turn:lanes": "through|through|none|right"
      },
      "geometry": {
        "type": "LineString",
        "coordinates": [
          [
            7.2191812,
            51.2752502
          ],
          [
            7.2185371,
            51.2752129
          ],
          [
            7.2183195,
            51.2752015
          ],
          [
            7.2182594,
            51.2751981
          ],
          [
            7.2178749,
            51.2751763
          ]
        ]
      }
    },
    {
      "type": "Feature",
      "properties": {
        "osmWayId": 241101247,
        "cycleway:right": "track",
        "highway": "primary",
        "lanes": "3",
        "lit": "yes",
        "maxspeed": "30",
        "name": "Berliner Straße",
        "oneway": "yes",
        "parking:left": "no",
        "parking:right": "street_side",
        "parking:right:orientation": "parallel",
        "placement": "right_of:1",
        "ref": "B 7",
        "sidewalk": "right",
        "sidewalk:right:surface": "paving_stones",
        "smoothness": "good",
        "surface": "asphalt",
        "turn:lanes": "through|through|slight_right"
      },
      "geometry": {
        "type": "LineString",
        "coordinates": [
          [
            7.2194685,
            51.2752619
          ],
          [
            7.2192826,
            51.2752546
          ],
          [
            7.2191812,
            51.2752502
          ]
        ]
      }
    },
    {
      "type": "Feature",
      "properties": {
        "osmWayId": 241102290,
        "check_date:lit": "2025-12-09",
        "cycleway:right": "track",
        "foot": "no",
        "highway": "primary",
        "lanes": "3",
        "lit": "yes",
        "maxspeed": "30",
        "name": "Berliner Straße",
        "oneway": "yes",
        "placement": "right_of:2",
        "ref": "B 7",
        "sidewalk:left": "no",
        "sidewalk:right": "separate",
        "surface": "asphalt",
        "turn:lanes": "left|through|through"
      },
      "geometry": {
        "type": "LineString",
        "coordinates": [
          [
            7.2225489,
            51.2753296
          ],
          [
            7.2228108,
            51.2753443
          ],
          [
            7.2229495,
            51.275342
          ],
          [
            7.2230805,
            51.2753334
          ]
        ]
      }
    },
    {
      "type": "Feature",
      "properties": {
        "osmWayId": 241102291,
        "check_date:lit": "2025-12-09",
        "cycleway:right": "no",
        "highway": "primary",
        "lanes": "3",
        "lit": "yes",
        "maxspeed": "50",
        "name": "Berliner Straße",
        "oneway": "yes",
        "placement": "right_of:1",
        "ref": "B 7",
        "sidewalk": "right",
        "sidewalk:right:surface": "paving_stones",
        "surface": "asphalt",
        "turn:lanes": "left;through|through|right"
      },
      "geometry": {
        "type": "LineString",
        "coordinates": [
          [
            7.2263363,
            51.2751318
          ],
          [
            7.2260744,
            51.2751038
          ],
          [
            7.2259343,
            51.275092
          ],
          [
            7.2258015,
            51.275091
          ],
          [
            7.2254651,
            51.2751024
          ]
        ]
      }
    },
    {
      "type": "Feature",
      "properties": {
        "osmWayId": 241102293,
        "check_date:lit": "2025-12-09",
        "cycleway:right": "track",
        "foot": "no",
        "highway": "primary",
        "lanes": "4",
        "lit": "yes",
        "maxspeed": "30",
        "name": "Berliner Straße",
        "oneway": "yes",
        "placement": "right_of:2",
        "ref": "B 7",
        "sidewalk:left": "no",
        "sidewalk:right": "separate",
        "surface": "asphalt",
        "turn:lanes": "left|through|through|right"
      },
      "geometry": {
        "type": "LineString",
        "coordinates": [
          [
            7.2224013,
            51.275322
          ],
          [
            7.2225489,
            51.2753296
          ]
        ]
      }
    },
    {
      "type": "Feature",
      "properties": {
        "osmWayId": 241102295,
        "check_date:lit": "2025-12-09",
        "cycleway:right": "no",
        "highway": "primary",
        "lanes": "4",
        "lit": "yes",
        "maxspeed": "50",
        "name": "Berliner Straße",
        "oneway": "yes",
        "ref": "B 7",
        "sidewalk": "right",
        "sidewalk:right:surface": "paving_stones",
        "surface": "asphalt",
        "turn:lanes": "left|through|through|right"
      },
      "geometry": {
        "type": "LineString",
        "coordinates": [
          [
            7.2254651,
            51.2751024
          ],
          [
            7.2253081,
            51.2751184
          ],
          [
            7.2248828,
            51.2751796
          ],
          [
            7.2240979,
            51.2753053
          ]
        ]
      }
    },
    {
      "type": "Feature",
      "properties": {
        "osmWayId": 241103821,
        "check_date:lit": "2025-12-09",
        "cycleway:right": "no",
        "destination:colour:lanes": ";;;;white;white|;;;;white;white|;;white;white",
        "destination:lanes": "Bochum;Witten;Hagen;Schwelm;Nächstebreck|Bochum;Witten;Hagen;Schwelm;Nächstebreck|Remscheid;Solingen;Wuppertal-Beyenburg;Wuppertal-Langerfeld",
        "destination:ref:lanes": "B 7|B 7|",
        "destination:ref:to:lanes": "A 1|A 1|",
        "destination:to:lanes": "Köln;Dortmund|Köln;Dortmund|",
        "highway": "primary",
        "lanes": "3",
        "lit": "yes",
        "maxspeed": "50",
        "name": "Berliner Straße",
        "oneway": "yes",
        "placement": "right_of:1",
        "ref": "B 7",
        "sidewalk": "right",
        "sidewalk:right:surface": "paving_stones",
        "surface": "asphalt",
        "turn:lanes": "through|through|right"
      },
      "geometry": {
        "type": "LineString",
        "coordinates": [
          [
            7.2271962,
            51.2751858
          ],
          [
            7.2276722,
            51.2752903
          ]
        ]
      }
    },
    {
      "type": "Feature",
      "properties": {
        "osmWayId": 241104131,
        "check_date:lit": "2025-12-09",
        "cycleway": "lane",
        "highway": "primary",
        "lanes": "3",
        "lit": "yes",
        "maxspeed": "50",
        "name": "Berliner Straße",
        "oneway": "yes",
        "placement": "right_of:2",
        "ref": "B 7",
        "sidewalk": "right",
        "surface": "asphalt",
        "turn:lanes": "left|through|through"
      },
      "geometry": {
        "type": "LineString",
        "coordinates": [
          [
            7.2301121,
            51.2759714
          ],
          [
            7.2298988,
            51.2759256
          ],
          [
            7.2297029,
            51.2758815
          ],
          [
            7.2290971,
            51.2757321
          ],
          [
            7.2286656,
            51.2756349
          ],
          [
            7.228543,
            51.2756082
          ]
        ]
      }
    },
    {
      "type": "Feature",
      "properties": {
        "osmWayId": 241104133,
        "cycleway": "shared_lane",
        "highway": "primary",
        "lanes": "2",
        "lit": "yes",
        "maxspeed": "50",
        "name": "Höfen",
        "oneway": "yes",
        "ref": "B 7",
        "sidewalk": "right",
        "surface": "asphalt"
      },
      "geometry": {
        "type": "LineString",
        "coordinates": [
          [
            7.2305434,
            51.2759389
          ],
          [
            7.2307195,
            51.2759519
          ],
          [
            7.2309066,
            51.2759608
          ],
          [
            7.2312812,
            51.2759775
          ],
          [
            7.2317371,
            51.2760124
          ],
          [
            7.2321397,
            51.2760409
          ]
        ]
      }
    },
    {
      "type": "Feature",
      "properties": {
        "osmWayId": 241104134,
        "cycleway:right": "lane",
        "cycleway:right:lane": "advisory",
        "highway": "primary",
        "lanes": "3",
        "lit": "yes",
        "maxspeed": "50",
        "name": "Berliner Straße",
        "oneway": "yes",
        "placement": "right_of:2",
        "ref": "B 7",
        "sidewalk": "right",
        "surface": "asphalt",
        "turn:lanes": "left|through|through"
      },
      "geometry": {
        "type": "LineString",
        "coordinates": [
          [
            7.2301005,
            51.2758762
          ],
          [
            7.2305434,
            51.2759389
          ]
        ]
      }
    },
    {
      "type": "Feature",
      "properties": {
        "osmWayId": 241104358,
        "cycleway:both": "lane",
        "cycleway:both:lane": "advisory",
        "highway": "primary",
        "lanes": "4",
        "lanes:backward": "2",
        "lanes:forward": "2",
        "lit": "yes",
        "maxspeed": "50",
        "name": "Dahler Straße",
        "ref": "B 7",
        "sidewalk": "both",
        "surface": "asphalt"
      },
      "geometry": {
        "type": "LineString",
        "coordinates": [
          [
            7.2362645,
            51.277363
          ],
          [
            7.2363737,
            51.2774123
          ],
          [
            7.2364922,
            51.277476
          ],
          [
            7.2366146,
            51.2775515
          ],
          [
            7.2367303,
            51.2776405
          ],
          [
            7.236856,
            51.2777557
          ],
          [
            7.2369535,
            51.2778691
          ],
          [
            7.2370528,
            51.2779973
          ],
          [
            7.2372556,
            51.2783205
          ],
          [
            7.2373884,
            51.2785196
          ],
          [
            7.2375158,
            51.2786965
          ],
          [
            7.2376376,
            51.2788763
          ],
          [
            7.2377043,
            51.2789779
          ]
        ]
      }
    },
    {
      "type": "Feature",
      "properties": {
        "osmWayId": 241174136,
        "cycleway:both": "no",
        "highway": "primary",
        "lanes": "2",
        "lit": "yes",
        "maxspeed": "50",
        "maxspeed:type": "DE:urban",
        "name": "Friedrich-Engels-Allee",
        "oneway": "yes",
        "parking:right": "on_kerb",
        "parking:right:orientation": "parallel",
        "ref": "B 7",
        "sidewalk": "right",
        "surface": "asphalt",
        "wikipedia": "de:Friedrich-Engels-Allee",
        "zone:traffic": "DE:urban"
      },
      "geometry": {
        "type": "LineString",
        "coordinates": [
          [
            7.1630249,
            51.2569887
          ],
          [
            7.1628706,
            51.2569276
          ],
          [
            7.1628073,
            51.2569025
          ],
          [
            7.1627089,
            51.2568624
          ],
          [
            7.1623691,
            51.2567329
          ],
          [
            7.162024,
            51.25661
          ]
        ]
      }
    },
    {
      "type": "Feature",
      "properties": {
        "osmWayId": 241174975,
        "cycleway:right": "no",
        "highway": "primary",
        "lanes": "3",
        "lit": "yes",
        "maxspeed": "50",
        "name": "Friedrich-Engels-Allee",
        "oneway": "yes",
        "ref": "B 7",
        "sidewalk": "right",
        "sidewalk:right:surface": "paving_stones",
        "smoothness": "good",
        "surface": "asphalt",
        "turn:lanes": "left|through|through;right",
        "wikipedia": "de:Friedrich-Engels-Allee",
        "zone:traffic": "DE:urban"
      },
      "geometry": {
        "type": "LineString",
        "coordinates": [
          [
            7.1653438,
            51.2576669
          ],
          [
            7.1656146,
            51.2577764
          ]
        ]
      }
    },
    {
      "type": "Feature",
      "properties": {
        "osmWayId": 241176845,
        "cycleway:both": "no",
        "foot": "no",
        "highway": "primary",
        "lanes": "3",
        "lit": "yes",
        "maxspeed": "50",
        "name": "Friedrich-Engels-Allee",
        "oneway": "yes",
        "ref": "B 7",
        "sidewalk:left": "no",
        "sidewalk:right": "separate",
        "surface": "asphalt",
        "turn:lanes": "through|through|right",
        "wikipedia": "de:Friedrich-Engels-Allee"
      },
      "geometry": {
        "type": "LineString",
        "coordinates": [
          [
            7.1672002,
            51.2589765
          ],
          [
            7.1669617,
            51.2587894
          ]
        ]
      }
    },
    {
      "type": "Feature",
      "properties": {
        "osmWayId": 241176846,
        "cycleway:both": "no",
        "highway": "primary",
        "lanes": "3",
        "lit": "yes",
        "maxspeed": "50",
        "name": "Friedrich-Engels-Allee",
        "oneway": "yes",
        "parking:left": "no",
        "parking:right": "on_kerb",
        "parking:right:orientation": "parallel",
        "ref": "B 7",
        "sidewalk:left": "no",
        "sidewalk:right": "separate",
        "surface": "asphalt",
        "turn:lanes": "left|through|through",
        "wikipedia": "de:Friedrich-Engels-Allee"
      },
      "geometry": {
        "type": "LineString",
        "coordinates": [
          [
            7.1691837,
            51.2604151
          ],
          [
            7.1690728,
            51.2603454
          ],
          [
            7.1688337,
            51.2601754
          ],
          [
            7.1684487,
            51.2598896
          ]
        ]
      }
    },
    {
      "type": "Feature",
      "properties": {
        "osmWayId": 241176847,
        "cycleway:both": "no",
        "foot": "no",
        "highway": "primary",
        "lanes": "2",
        "lit": "yes",
        "maxspeed": "50",
        "name": "Friedrich-Engels-Allee",
        "oneway": "yes",
        "parking:both": "no",
        "ref": "B 7",
        "sidewalk:left": "no",
        "sidewalk:right": "separate",
        "surface": "asphalt",
        "wikipedia": "de:Friedrich-Engels-Allee"
      },
      "geometry": {
        "type": "LineString",
        "coordinates": [
          [
            7.1675051,
            51.2592018
          ],
          [
            7.1672002,
            51.2589765
          ]
        ]
      }
    },
    {
      "type": "Feature",
      "properties": {
        "osmWayId": 241176848,
        "cycleway:both": "no",
        "foot": "no",
        "highway": "primary",
        "lanes": "2",
        "lit": "yes",
        "maxspeed": "50",
        "name": "Friedrich-Engels-Allee",
        "oneway": "yes",
        "ref": "B 7",
        "sidewalk:left": "no",
        "sidewalk:right": "separate",
        "surface": "asphalt",
        "wikipedia": "de:Friedrich-Engels-Allee"
      },
      "geometry": {
        "type": "LineString",
        "coordinates": [
          [
            7.1669617,
            51.2587894
          ],
          [
            7.1666626,
            51.2585753
          ],
          [
            7.1665895,
            51.2585294
          ]
        ]
      }
    },
    {
      "type": "Feature",
      "properties": {
        "osmWayId": 241176849,
        "cycleway:both": "no",
        "foot": "no",
        "highway": "primary",
        "lanes": "3",
        "lit": "yes",
        "maxspeed": "50",
        "name": "Friedrich-Engels-Allee",
        "oneway": "yes",
        "ref": "B 7",
        "sidewalk:left": "no",
        "sidewalk:right": "separate",
        "surface": "asphalt",
        "wikipedia": "de:Friedrich-Engels-Allee",
        "zone:traffic": "DE:urban"
      },
      "geometry": {
        "type": "LineString",
        "coordinates": [
          [
            7.1665895,
            51.2585294
          ],
          [
            7.1664676,
            51.2584459
          ],
          [
            7.1662703,
            51.2583107
          ]
        ]
      }
    },
    {
      "type": "Feature",
      "properties": {
        "osmWayId": 241177199,
        "cycleway:right": "no",
        "highway": "primary",
        "lanes": "4",
        "lit": "yes",
        "maxspeed": "50",
        "name": "Friedrich-Engels-Allee",
        "oneway": "yes",
        "placement": "right_of:3",
        "ref": "B 7",
        "sidewalk": "right",
        "surface": "asphalt",
        "turn:lanes": "left|left|through|through;right",
        "wikipedia": "de:Friedrich-Engels-Allee"
      },
      "geometry": {
        "type": "LineString",
        "coordinates": [
          [
            7.1819774,
            51.2644504
          ],
          [
            7.1827474,
            51.2646894
          ],
          [
            7.182893,
            51.2647364
          ]
        ]
      }
    },
    {
      "type": "Feature",
      "properties": {
        "osmWayId": 241232990,
        "cycleway:left": "no",
        "cycleway:right": "separate",
        "highway": "primary",
        "lanes": "3",
        "lit": "yes",
        "maxspeed": "50",
        "name": "Bundesallee",
        "oneway": "yes",
        "ref": "B 7",
        "sidewalk:left": "no",
        "sidewalk:right": "separate",
        "surface": "asphalt",
        "turn:lanes": "left;through|through|right"
      },
      "geometry": {
        "type": "LineString",
        "coordinates": [
          [
            7.1523392,
            51.2562802
          ],
          [
            7.1521065,
            51.2562977
          ]
        ]
      }
    },
    {
      "type": "Feature",
      "properties": {
        "osmWayId": 241233091,
        "cycleway:left": "no",
        "cycleway:right": "separate",
        "highway": "primary",
        "lanes": "2",
        "lit": "yes",
        "maxspeed": "50",
        "maxspeed:type": "DE:urban",
        "name": "Bundesallee",
        "oneway": "yes",
        "ref": "B 7",
        "sidewalk:left": "no",
        "sidewalk:right": "separate",
        "sidewalk:segregated": "yes",
        "smoothness": "good",
        "surface": "asphalt",
        "turn:lanes": "through|through",
        "zone:traffic": "DE:urban"
      },
      "geometry": {
        "type": "LineString",
        "coordinates": [
          [
            7.1512319,
            51.2561652
          ],
          [
            7.1513636,
            51.2561813
          ],
          [
            7.1514871,
            51.2561868
          ],
          [
            7.1516641,
            51.2561906
          ],
          [
            7.1521471,
            51.2561854
          ]
        ]
      }
    },
    {
      "type": "Feature",
      "properties": {
        "osmWayId": 241235119,
        "bridge": "yes",
        "cycleway:left": "no",
        "cycleway:right": "lane",
        "cycleway:right:lane": "exclusive",
        "highway": "primary",
        "lanes": "2",
        "layer": "1",
        "lit": "yes",
        "maxheight": "default",
        "maxspeed": "50",
        "maxspeed:type": "DE:urban",
        "maxweight:signed": "no",
        "name": "Bundesallee",
        "oneway": "yes",
        "parking:both": "no",
        "ref": "B 7",
        "sidewalk": "right",
        "surface": "asphalt"
      },
      "geometry": {
        "type": "LineString",
        "coordinates": [
          [
            7.1594527,
            51.2561379
          ],
          [
            7.1591904,
            51.2561368
          ],
          [
            7.1589319,
            51.2561447
          ]
        ]
      }
    },
    {
      "type": "Feature",
      "properties": {
        "osmWayId": 241235120,
        "cycleway:left": "no",
        "cycleway:right": "lane",
        "cycleway:right:lane": "exclusive",
        "highway": "primary",
        "lanes": "3",
        "lit": "yes",
        "maxspeed": "50",
        "maxspeed:type": "DE:urban",
        "name": "Friedrich-Engels-Allee",
        "oneway": "yes",
        "parking:both": "no",
        "ref": "B 7",
        "sidewalk": "right",
        "surface": "asphalt",
        "turn:lanes": "left|through|through;right",
        "wikipedia": "de:Friedrich-Engels-Allee"
      },
      "geometry": {
        "type": "LineString",
        "coordinates": [
          [
            7.1600398,
            51.2561842
          ],
          [
            7.1599577,
            51.2561749
          ],
          [
            7.1597714,
            51.2561567
          ],
          [
            7.1595865,
            51.2561441
          ]
        ]
      }
    },
    {
      "type": "Feature",
      "properties": {
        "osmWayId": 241235231,
        "check_date:cycleway": "2025-10-10",
        "cycleway:both": "no",
        "highway": "primary",
        "lanes": "3",
        "lit": "yes",
        "maxspeed": "50",
        "name": "Bundesallee",
        "oneway": "yes",
        "ref": "B 7",
        "sidewalk": "right",
        "sidewalk:right:surface": "paving_stones",
        "smoothness": "good",
        "surface": "asphalt",
        "turn:lanes": "through|through|right"
      },
      "geometry": {
        "type": "LineString",
        "coordinates": [
          [
            7.157509,
            51.2561172
          ],
          [
            7.1581403,
            51.2560767
          ],
          [
            7.1584785,
            51.2560319
          ]
        ]
      }
    },
    {
      "type": "Feature",
      "properties": {
        "osmWayId": 242516157,
        "cycleway:both": "no",
        "highway": "primary",
        "lanes": "3",
        "lanes:psv": "1",
        "lit": "yes",
        "maxspeed": "50",
        "name": "Höhne",
        "oneway": "yes",
        "parking:both": "no",
        "ref": "B 7",
        "sidewalk": "right",
        "surface": "asphalt"
      },
      "geometry": {
        "type": "LineString",
        "coordinates": [
          [
            7.1983178,
            51.269928
          ],
          [
            7.1989152,
            51.2699947
          ],
          [
            7.1989944,
            51.2700045
          ],
          [
            7.1993113,
            51.2700412
          ]
        ]
      }
    },
    {
      "type": "Feature",
      "properties": {
        "osmWayId": 254710940,
        "cycleway:both": "no",
        "foot": "no",
        "highway": "primary",
        "lanes": "5",
        "layer": "-1",
        "lit": "yes",
        "maxheight": "default",
        "maxspeed": "50",
        "maxspeed:type": "DE:urban",
        "name": "Bundesallee",
        "oneway": "yes",
        "ref": "B 7",
        "sidewalk": "no",
        "smoothness": "good",
        "surface": "asphalt",
        "traffic_sign": "DE:259",
        "tunnel": "yes",
        "turn:lanes": "left|left|through|through|right",
        "zone:traffic": "DE:urban"
      },
      "geometry": {
        "type": "LineString",
        "coordinates": [
          [
            7.1488738,
            51.2554884
          ],
          [
            7.149225,
            51.2555971
          ],
          [
            7.1495367,
            51.2556962
          ]
        ]
      }
    },
    {
      "type": "Feature",
      "properties": {
        "osmWayId": 254811349,
        "bridge": "yes",
        "cycleway:right": "no",
        "foot": "no",
        "highway": "primary",
        "lanes": "3",
        "layer": "1",
        "maxspeed": "50",
        "maxweight:signed": "no",
        "name": "Bundesallee",
        "oneway": "yes",
        "ref": "B 7",
        "sidewalk": "no",
        "surface": "asphalt"
      },
      "geometry": {
        "type": "LineString",
        "coordinates": [
          [
            7.1413073,
            51.2546873
          ],
          [
            7.141177,
            51.254682
          ]
        ]
      }
    },
    {
      "type": "Feature",
      "properties": {
        "osmWayId": 254811352,
        "bus:lanes": "yes|yes|designated",
        "cycleway:right": "share_busway",
        "highway": "primary",
        "lanes": "3",
        "lit": "yes",
        "maxlength": "10",
        "maxspeed": "50",
        "name": "Bundesallee",
        "oneway": "yes",
        "ref": "B 7",
        "sidewalk": "right",
        "sidewalk:right:surface": "paving_stones",
        "source:position": "Bing Aerial Map",
        "surface": "asphalt",
        "vehicle:lanes": "yes|yes|no"
      },
      "geometry": {
        "type": "LineString",
        "coordinates": [
          [
            7.1353533,
            51.2532826
          ],
          [
            7.1363506,
            51.2535702
          ],
          [
            7.136511,
            51.2536158
          ]
        ]
      }
    },
    {
      "type": "Feature",
      "properties": {
        "osmWayId": 254811353,
        "bicycle": "yes",
        "cycleway:right": "track",
        "emergency": "yes",
        "foot": "yes",
        "highway": "primary",
        "lanes": "3",
        "maxspeed": "50",
        "name": "Bundesallee",
        "oneway": "yes",
        "psv": "yes",
        "ref": "B 7",
        "sidewalk": "right",
        "surface": "asphalt",
        "turn:lanes": "through|through|right"
      },
      "geometry": {
        "type": "LineString",
        "coordinates": [
          [
            7.1420402,
            51.2547232
          ],
          [
            7.1419605,
            51.2547203
          ]
        ]
      }
    },
    {
      "type": "Feature",
      "properties": {
        "osmWayId": 254811354,
        "bus:lanes": "yes|yes|designated",
        "cycleway:right": "share_busway",
        "highway": "primary",
        "lanes": "3",
        "lit": "yes",
        "maxlength": "10",
        "maxspeed": "50",
        "name": "Bundesallee",
        "oneway": "yes",
        "ref": "B 7",
        "sidewalk": "right",
        "surface": "asphalt",
        "vehicle:lanes": "yes|yes|no"
      },
      "geometry": {
        "type": "LineString",
        "coordinates": [
          [
            7.1380957,
            51.2540611
          ],
          [
            7.1386587,
            51.2541984
          ],
          [
            7.1388441,
            51.2542443
          ],
          [
            7.1391486,
            51.2543132
          ],
          [
            7.1396516,
            51.2544193
          ],
          [
            7.1396595,
            51.2544211
          ]
        ]
      }
    },
    {
      "type": "Feature",
      "properties": {
        "osmWayId": 284478346,
        "cycleway:right": "lane",
        "cycleway:right:lane": "advisory",
        "foot": "no",
        "highway": "primary",
        "lanes": "2",
        "lit": "yes",
        "maxspeed": "50",
        "oneway": "yes",
        "ref": "B 7",
        "sidewalk": "no",
        "surface": "asphalt",
        "turn:lanes": "left|through"
      },
      "geometry": {
        "type": "LineString",
        "coordinates": [
          [
            7.1046041,
            51.2534335
          ],
          [
            7.1046802,
            51.2535816
          ]
        ]
      }
    },
    {
      "type": "Feature",
      "properties": {
        "osmWayId": 284478347,
        "foot": "no",
        "highway": "primary",
        "lanes": "3",
        "lit": "yes",
        "maxspeed": "50",
        "oneway": "yes",
        "ref": "B 7",
        "sidewalk": "no",
        "surface": "asphalt",
        "turn:lanes": "left|through|through"
      },
      "geometry": {
        "type": "LineString",
        "coordinates": [
          [
            7.1045128,
            51.253636
          ],
          [
            7.1044317,
            51.253492
          ]
        ]
      }
    },
    {
      "type": "Feature",
      "properties": {
        "osmWayId": 284478348,
        "cycleway:right": "lane",
        "cycleway:right:lane": "advisory",
        "foot": "no",
        "highway": "primary",
        "lanes": "2",
        "lit": "yes",
        "maxspeed": "50",
        "name": "Düsseldorfer Straße",
        "oneway": "yes",
        "ref": "B 7",
        "sidewalk": "no",
        "surface": "asphalt"
      },
      "geometry": {
        "type": "LineString",
        "coordinates": [
          [
            7.1045128,
            51.253636
          ],
          [
            7.1043713,
            51.2536786
          ],
          [
            7.1041382,
            51.2537455
          ]
        ]
      }
    },
    {
      "type": "Feature",
      "properties": {
        "osmWayId": 284478349,
        "cycleway:right": "no",
        "highway": "primary",
        "lanes": "2",
        "lit": "yes",
        "maxspeed": "50",
        "name": "Düsseldorfer Straße",
        "oneway": "yes",
        "ref": "B 7",
        "sidewalk:left": "no",
        "sidewalk:right": "separate",
        "surface": "asphalt"
      },
      "geometry": {
        "type": "LineString",
        "coordinates": [
          [
            7.10383,
            51.2538202
          ],
          [
            7.103619,
            51.2538674
          ],
          [
            7.1031468,
            51.2539399
          ]
        ]
      }
    },
    {
      "type": "Feature",
      "properties": {
        "osmWayId": 284478354,
        "bicycle:lanes": "yes|yes|designated|yes",
        "cycleway": "lane",
        "cycleway:lanes": "none|none|lane|none",
        "highway": "primary",
        "lanes": "3",
        "lit": "yes",
        "maxspeed": "50",
        "name": "Varresbecker Straße",
        "oneway": "yes",
        "ref": "B 7",
        "sidewalk:left": "no",
        "sidewalk:right": "separate",
        "surface": "asphalt",
        "turn:lanes": "left|through|through|right"
      },
      "geometry": {
        "type": "LineString",
        "coordinates": [
          [
            7.1041414,
            51.2524176
          ],
          [
            7.1043388,
            51.2527575
          ],
          [
            7.1044469,
            51.2530338
          ],
          [
            7.1045524,
            51.2533118
          ],
          [
            7.1045679,
            51.2533483
          ],
          [
            7.1046041,
            51.2534335
          ]
        ]
      }
    },
    {
      "type": "Feature",
      "properties": {
        "osmWayId": 291373400,
        "foot": "use_sidepath",
        "highway": "primary",
        "lanes": "1",
        "maxspeed": "50",
        "name": "Düsseldorfer Straße",
        "oneway": "yes",
        "ref": "B 7",
        "sidewalk": "no",
        "surface": "asphalt"
      },
      "geometry": {
        "type": "LineString",
        "coordinates": [
          [
            7.0863885,
            51.2567164
          ],
          [
            7.0861185,
            51.2566898
          ],
          [
            7.0858864,
            51.2566548
          ]
        ]
      }
    },
    {
      "type": "Feature",
      "properties": {
        "osmWayId": 291373401,
        "foot": "use_sidepath",
        "highway": "primary",
        "lanes": "3",
        "lit": "yes",
        "maxspeed": "50",
        "name": "Düsseldorfer Straße",
        "oneway": "yes",
        "ref": "B 7",
        "sidewalk": "no",
        "surface": "asphalt",
        "turn:lanes": "left|through|through;right"
      },
      "geometry": {
        "type": "LineString",
        "coordinates": [
          [
            7.0895228,
            51.2563716
          ],
          [
            7.0904545,
            51.2562004
          ],
          [
            7.0905184,
            51.2561869
          ],
          [
            7.0907049,
            51.256146
          ],
          [
            7.0908798,
            51.256098
          ]
        ]
      }
    },
    {
      "type": "Feature",
      "properties": {
        "osmWayId": 291373402,
        "foot": "use_sidepath",
        "highway": "primary",
        "lanes": "1",
        "maxspeed": "50",
        "name": "Düsseldorfer Straße",
        "oneway": "yes",
        "ref": "B 7",
        "sidewalk": "no",
        "surface": "asphalt"
      },
      "geometry": {
        "type": "LineString",
        "coordinates": [
          [
            7.0856122,
            51.256502
          ],
          [
            7.0857227,
            51.2565242
          ],
          [
            7.0859078,
            51.2565485
          ],
          [
            7.0861452,
            51.2565751
          ]
        ]
      }
    },
    {
      "type": "Feature",
      "properties": {
        "osmWayId": 291373403,
        "foot": "use_sidepath",
        "highway": "primary",
        "lanes": "1",
        "lit": "yes",
        "maxspeed": "50",
        "name": "Düsseldorfer Straße",
        "oneway": "yes",
        "ref": "B 7",
        "sidewalk": "no",
        "surface": "asphalt"
      },
      "geometry": {
        "type": "LineString",
        "coordinates": [
          [
            7.088682,
            51.2566463
          ],
          [
            7.0884008,
            51.2566662
          ],
          [
            7.0881478,
            51.2567002
          ],
          [
            7.0878676,
            51.2567255
          ]
        ]
      }
    },
    {
      "type": "Feature",
      "properties": {
        "osmWayId": 291373404,
        "foot": "use_sidepath",
        "highway": "primary",
        "lanes": "3",
        "lit": "yes",
        "maxheight": "default",
        "maxspeed": "50",
        "name": "Düsseldorfer Straße",
        "oneway": "yes",
        "ref": "B 7",
        "sidewalk": "no",
        "surface": "asphalt",
        "turn:lanes": "left|through|through"
      },
      "geometry": {
        "type": "LineString",
        "coordinates": [
          [
            7.0866208,
            51.2566122
          ],
          [
            7.0869294,
            51.2566268
          ],
          [
            7.0872335,
            51.2566311
          ],
          [
            7.0875374,
            51.2566268
          ],
          [
            7.0876221,
            51.2566233
          ]
        ]
      }
    },
    {
      "type": "Feature",
      "properties": {
        "osmWayId": 291373405,
        "foot": "use_sidepath",
        "highway": "primary",
        "lanes": "4",
        "maxspeed": "50",
        "name": "Düsseldorfer Straße",
        "oneway": "no",
        "ref": "B 7",
        "sidewalk": "no",
        "surface": "asphalt",
        "turn:lanes:forward": "left|through|right"
      },
      "geometry": {
        "type": "LineString",
        "coordinates": [
          [
            7.0839941,
            51.2560765
          ],
          [
            7.0843073,
            51.2561961
          ],
          [
            7.0844868,
            51.2562581
          ],
          [
            7.0846315,
            51.2563081
          ],
          [
            7.0849747,
            51.256417
          ],
          [
            7.0852173,
            51.2564799
          ]
        ]
      }
    },
    {
      "type": "Feature",
      "properties": {
        "osmWayId": 291373406,
        "highway": "primary",
        "lanes": "4",
        "lanes:backward": "2",
        "lanes:forward": "2",
        "lit": "yes",
        "maxspeed": "50",
        "name": "Düsseldorfer Straße",
        "ref": "B 7",
        "sidewalk": "both",
        "surface": "asphalt",
        "turn:lanes:backward": "none|right",
        "turn:lanes:forward": "left|through"
      },
      "geometry": {
        "type": "LineString",
        "coordinates": [
          [
            7.0960478,
            51.2559234
          ],
          [
            7.0963158,
            51.2559187
          ],
          [
            7.0963572,
            51.2559162
          ],
          [
            7.0963998,
            51.2559123
          ],
          [
            7.0964371,
            51.2559083
          ],
          [
            7.0964733,
            51.2559034
          ],
          [
            7.0965024,
            51.2558986
          ],
          [
            7.0965561,
            51.2558889
          ],
          [
            7.0966027,
            51.2558793
          ],
          [
            7.0967404,
            51.2558416
          ],
          [
            7.0971786,
            51.2557097
          ]
        ]
      }
    },
    {
      "type": "Feature",
      "properties": {
        "osmWayId": 291373407,
        "highway": "primary",
        "lanes": "4",
        "lanes:backward": "2",
        "lanes:forward": "2",
        "lit": "yes",
        "maxheight": "default",
        "maxspeed": "50",
        "name": "Düsseldorfer Straße",
        "ref": "B 7",
        "sidewalk": "both",
        "surface": "asphalt",
        "turn:lanes:backward": "left|through"
      },
      "geometry": {
        "type": "LineString",
        "coordinates": [
          [
            7.0997287,
            51.2549576
          ],
          [
            7.1001651,
            51.2548259
          ],
          [
            7.1009398,
            51.2545968
          ]
        ]
      }
    },
    {
      "type": "Feature",
      "properties": {
        "osmWayId": 291373408,
        "cycleway:both": "no",
        "highway": "primary",
        "lanes": "3",
        "lanes:backward": "2",
        "lanes:forward": "1",
        "lit": "yes",
        "maxspeed": "50",
        "name": "Düsseldorfer Straße",
        "ref": "B 7",
        "sidewalk": "both",
        "surface": "asphalt"
      },
      "geometry": {
        "type": "LineString",
        "coordinates": [
          [
            7.0971786,
            51.2557097
          ],
          [
            7.097543,
            51.2556
          ],
          [
            7.0975565,
            51.2555954
          ],
          [
            7.097732,
            51.2555418
          ],
          [
            7.0992584,
            51.2550903
          ],
          [
            7.0994725,
            51.2550309
          ],
          [
            7.0995547,
            51.2550068
          ],
          [
            7.0997287,
            51.2549576
          ]
        ]
      }
    },
    {
      "type": "Feature",
      "properties": {
        "osmWayId": 291380637,
        "highway": "primary",
        "lanes": "4",
        "lit": "yes",
        "maxspeed": "50",
        "name": "Düsseldorfer Straße",
        "oneway": "yes",
        "ref": "B 7",
        "sidewalk:left": "no",
        "sidewalk:right": "separate",
        "surface": "asphalt",
        "turn:lanes": "left|left|through|through;right"
      },
      "geometry": {
        "type": "LineString",
        "coordinates": [
          [
            7.1036523,
            51.2537347
          ],
          [
            7.1040194,
            51.2536192
          ]
        ]
      }
    },
    {
      "type": "Feature",
      "properties": {
        "osmWayId": 291382074,
        "cycleway:both": "no",
        "highway": "primary",
        "lanes": "4",
        "lanes:backward": "2",
        "lanes:forward": "2",
        "lit": "yes",
        "maxspeed": "50",
        "name": "Düsseldorfer Straße",
        "ref": "B 7",
        "sidewalk": "both",
        "surface": "asphalt",
        "turn:lanes:forward": "through|through;right"
      },
      "geometry": {
        "type": "LineString",
        "coordinates": [
          [
            7.1009398,
            51.2545968
          ],
          [
            7.1011617,
            51.2545334
          ]
        ]
      }
    },
    {
      "type": "Feature",
      "properties": {
        "osmWayId": 291382078,
        "cycleway:both": "no",
        "highway": "primary",
        "lanes": "4",
        "lanes:backward": "2",
        "lanes:forward": "2",
        "lit": "yes",
        "maxspeed": "50",
        "maxspeed:type": "DE:urban",
        "name": "Düsseldorfer Straße",
        "ref": "B 7",
        "sidewalk:both": "separate",
        "surface": "asphalt",
        "turn:lanes:backward": "left|through"
      },
      "geometry": {
        "type": "LineString",
        "coordinates": [
          [
            7.1019498,
            51.2543002
          ],
          [
            7.102047,
            51.2542693
          ],
          [
            7.1029754,
            51.2539909
          ],
          [
            7.1031468,
            51.2539399
          ]
        ]
      }
    },
    {
      "type": "Feature",
      "properties": {
        "osmWayId": 293539643,
        "cycleway:right": "track",
        "highway": "primary",
        "lanes": "3",
        "maxspeed": "50",
        "name": "Bundesallee",
        "oneway": "yes",
        "ref": "B 7",
        "sidewalk": "right",
        "surface": "asphalt",
        "turn:lanes": "through|through|right"
      },
      "geometry": {
        "type": "LineString",
        "coordinates": [
          [
            7.1419605,
            51.2547203
          ],
          [
            7.1418801,
            51.2547184
          ]
        ]
      }
    },
    {
      "type": "Feature",
      "properties": {
        "osmWayId": 293539644,
        "cycleway:right": "share_busway",
        "highway": "primary",
        "lanes": "3",
        "lit": "yes",
        "maxheight": "default",
        "maxspeed": "50",
        "name": "Bundesallee",
        "oneway": "yes",
        "ref": "B 7",
        "sidewalk": "right",
        "surface": "asphalt"
      },
      "geometry": {
        "type": "LineString",
        "coordinates": [
          [
            7.1418942,
            51.2545799
          ],
          [
            7.1421264,
            51.2545871
          ]
        ]
      }
    },
    {
      "type": "Feature",
      "properties": {
        "osmWayId": 293561462,
        "cycleway:left": "no",
        "cycleway:right": "separate",
        "highway": "primary",
        "lanes": "3",
        "lit": "yes",
        "maxspeed": "50",
        "maxspeed:type": "DE:urban",
        "name": "Bundesallee",
        "oneway": "yes",
        "parking:both": "no",
        "ref": "B 7",
        "sidewalk:left": "no",
        "sidewalk:right": "separate",
        "smoothness": "good",
        "surface": "asphalt",
        "zone:traffic": "DE:urban"
      },
      "geometry": {
        "type": "LineString",
        "coordinates": [
          [
            7.1506867,
            51.2562124
          ],
          [
            7.1504621,
            51.2561413
          ]
        ]
      }
    },
    {
      "type": "Feature",
      "properties": {
        "osmWayId": 293626050,
        "cycleway:right": "lane",
        "cycleway:right:lane": "exclusive",
        "foot": "no",
        "highway": "primary",
        "lanes": "2",
        "lit": "yes",
        "maxspeed": "50",
        "oneway": "yes",
        "ref": "B 7",
        "sidewalk": "no",
        "source:position": "Bing Aerial Map",
        "surface": "asphalt",
        "turn:lanes": "left|through|through"
      },
      "geometry": {
        "type": "LineString",
        "coordinates": [
          [
            7.1338301,
            51.2530433
          ],
          [
            7.1337249,
            51.2530344
          ],
          [
            7.133629,
            51.2530271
          ]
        ]
      }
    },
    {
      "type": "Feature",
      "properties": {
        "osmWayId": 293642263,
        "bicycle": "yes",
        "cycleway:left": "no",
        "cycleway:right": "share_busway",
        "emergency": "yes",
        "highway": "primary",
        "lanes": "3",
        "lit": "yes",
        "maxspeed": "50",
        "name": "Bundesallee",
        "oneway": "yes",
        "psv": "yes",
        "ref": "B 7",
        "shoulder": "no",
        "sidewalk": "right",
        "surface": "asphalt",
        "vehicle:lanes": "yes|yes|no"
      },
      "geometry": {
        "type": "LineString",
        "coordinates": [
          [
            7.1421264,
            51.2545871
          ],
          [
            7.1422896,
            51.2545928
          ],
          [
            7.1431629,
            51.2546206
          ]
        ]
      }
    },
    {
      "type": "Feature",
      "properties": {
        "osmWayId": 293807103,
        "highway": "primary",
        "lanes": "3",
        "lit": "yes",
        "maxspeed": "50",
        "name": "Bundesallee",
        "oneway": "yes",
        "ref": "B 7",
        "sidewalk": "right",
        "surface": "asphalt"
      },
      "geometry": {
        "type": "LineString",
        "coordinates": [
          [
            7.1442554,
            51.2547763
          ],
          [
            7.1440307,
            51.2547637
          ]
        ]
      }
    },
    {
      "type": "Feature",
      "properties": {
        "osmWayId": 294376738,
        "cycleway:left": "no",
        "cycleway:right": "share_busway",
        "foot": "no",
        "highway": "primary",
        "lanes": "3",
        "lanes:psv": "1",
        "lit": "yes",
        "maxheight": "default",
        "maxspeed": "50",
        "name": "Bundesallee",
        "oneway": "yes",
        "psv:lanes": "yes|yes|designated",
        "ref": "B 7",
        "sidewalk": "no",
        "surface": "asphalt"
      },
      "geometry": {
        "type": "LineString",
        "coordinates": [
          [
            7.1460742,
            51.2549799
          ],
          [
            7.1454361,
            51.2548853
          ],
          [
            7.1449415,
            51.2548289
          ],
          [
            7.1446029,
            51.2547976
          ],
          [
            7.144396,
            51.2547842
          ]
        ]
      }
    },
    {
      "type": "Feature",
      "properties": {
        "osmWayId": 294491275,
        "bicycle": "yes",
        "cycleway:left": "no",
        "cycleway:right": "share_busway",
        "emergency": "yes",
        "highway": "primary",
        "lanes": "3",
        "lit": "yes",
        "maxspeed": "50",
        "name": "Bundesallee",
        "oneway": "yes",
        "psv": "yes",
        "ref": "B 7",
        "shoulder": "no",
        "sidewalk": "right",
        "surface": "asphalt",
        "vehicle:lanes": "yes|yes|no"
      },
      "geometry": {
        "type": "LineString",
        "coordinates": [
          [
            7.1431629,
            51.2546206
          ],
          [
            7.1432835,
            51.2546248
          ],
          [
            7.1433711,
            51.2546256
          ],
          [
            7.1435971,
            51.25463
          ]
        ]
      }
    },
    {
      "type": "Feature",
      "properties": {
        "osmWayId": 294496746,
        "bicycle": "yes",
        "cycleway:right": "no",
        "emergency": "yes",
        "foot": "yes",
        "highway": "primary",
        "lanes": "3",
        "maxheight": "default",
        "maxspeed": "50",
        "name": "Bundesallee",
        "oneway": "yes",
        "psv": "yes",
        "ref": "B 7",
        "sidewalk": "right",
        "surface": "asphalt",
        "turn:lanes": "through|through|right"
      },
      "geometry": {
        "type": "LineString",
        "coordinates": [
          [
            7.1422394,
            51.2547292
          ],
          [
            7.1420402,
            51.2547232
          ]
        ]
      }
    },
    {
      "type": "Feature",
      "properties": {
        "osmWayId": 295672027,
        "cycleway": "shared_lane",
        "highway": "primary",
        "lanes": "2",
        "lit": "yes",
        "maxspeed": "50",
        "name": "Dahler Straße",
        "oneway": "yes",
        "priority_road": "designated",
        "ref": "B 7",
        "sidewalk": "right",
        "sidewalk:right:surface": "paving_stones",
        "surface": "asphalt"
      },
      "geometry": {
        "type": "LineString",
        "coordinates": [
          [
            7.2436298,
            51.2810596
          ],
          [
            7.2428687,
            51.2810966
          ],
          [
            7.2426561,
            51.281098
          ],
          [
            7.2424355,
            51.2810909
          ],
          [
            7.2420265,
            51.2810516
          ],
          [
            7.241753,
            51.2810144
          ]
        ]
      }
    },
    {
      "type": "Feature",
      "properties": {
        "osmWayId": 302744762,
        "cycleway": "shared_lane",
        "highway": "primary",
        "lanes": "2",
        "lit": "yes",
        "maxspeed": "50",
        "name": "Dahler Straße",
        "oneway": "yes",
        "ref": "B 7",
        "sidewalk": "right",
        "sidewalk:right:surface": "paving_stones",
        "surface": "asphalt"
      },
      "geometry": {
        "type": "LineString",
        "coordinates": [
          [
            7.2417929,
            51.280919
          ],
          [
            7.2421576,
            51.2809739
          ]
        ]
      }
    },
    {
      "type": "Feature",
      "properties": {
        "osmWayId": 302744765,
        "foot": "no",
        "highway": "primary",
        "lanes": "3",
        "lit": "yes",
        "maxspeed": "50",
        "name": "Dahler Straße",
        "oneway": "yes",
        "parking:both": "no",
        "placement": "right_of:2",
        "priority_road": "designated",
        "ref": "B 7",
        "sidewalk": "no",
        "surface": "asphalt",
        "turn:lanes": "left|through|through"
      },
      "geometry": {
        "type": "LineString",
        "coordinates": [
          [
            7.2435751,
            51.2809402
          ],
          [
            7.2438798,
            51.2809228
          ],
          [
            7.2439248,
            51.2809202
          ],
          [
            7.2441186,
            51.2809096
          ]
        ]
      }
    },
    {
      "type": "Feature",
      "properties": {
        "osmWayId": 302745585,
        "cycleway": "shared_lane",
        "highway": "primary",
        "lanes": "2",
        "lit": "yes",
        "maxspeed": "50",
        "name": "Dahler Straße",
        "oneway": "yes",
        "ref": "B 7",
        "sidewalk": "right",
        "sidewalk:right:surface": "paving_stones",
        "surface": "asphalt"
      },
      "geometry": {
        "type": "LineString",
        "coordinates": [
          [
            7.2407308,
            51.2808511
          ],
          [
            7.2403535,
            51.2807807
          ],
          [
            7.2400989,
            51.280696
          ]
        ]
      }
    },
    {
      "type": "Feature",
      "properties": {
        "osmWayId": 302745586,
        "cycleway": "shared_lane",
        "highway": "primary",
        "lanes": "2",
        "lit": "yes",
        "maxspeed": "50",
        "name": "Dahler Straße",
        "oneway": "yes",
        "ref": "B 7",
        "sidewalk": "right",
        "sidewalk:right:surface": "paving_stones",
        "surface": "asphalt"
      },
      "geometry": {
        "type": "LineString",
        "coordinates": [
          [
            7.2407251,
            51.2807506
          ],
          [
            7.2408109,
            51.2807638
          ]
        ]
      }
    },
    {
      "type": "Feature",
      "properties": {
        "osmWayId": 305115093,
        "alt_name": "Einschienige Hängebahn System Eugen Langen",
        "bridge": "yes",
        "electrified": "rail",
        "frequency": "0",
        "layer": "2",
        "level": "2",
        "monorail": "hanging",
        "name": "Schwebebahn",
        "operator": "WSW mobil GmbH",
        "operator:wikidata": "Q44880072",
        "railway": "monorail",
        "railway:etcs": "2",
        "railway:radio": "TETRA",
        "tracks": "2",
        "voltage": "750"
      },
      "geometry": {
        "type": "LineString",
        "coordinates": [
          [
            7.1546754,
            51.2555427
          ],
          [
            7.1547973,
            51.2554321
          ],
          [
            7.1551041,
            51.2551567
          ],
          [
            7.1553702,
            51.254967
          ],
          [
            7.1556501,
            51.2548461
          ],
          [
            7.1559617,
            51.2547685
          ],
          [
            7.156067,
            51.2547527
          ],
          [
            7.1564045,
            51.2547319
          ],
          [
            7.1567409,
            51.2547596
          ],
          [
            7.1570633,
            51.2548319
          ],
          [
            7.1573581,
            51.254951
          ],
          [
            7.1576068,
            51.2551096
          ],
          [
            7.1578338,
            51.2552782
          ],
          [
            7.1580728,
            51.2554514
          ],
          [
            7.1583724,
            51.2556664
          ],
          [
            7.1586505,
            51.2558414
          ],
          [
            7.1589509,
            51.2560021
          ],
          [
            7.1592631,
            51.2561532
          ],
          [
            7.1595714,
            51.2563068
          ],
          [
            7.1598677,
            51.2564711
          ],
          [
            7.1601268,
            51.2566569
          ],
          [
            7.1604022,
            51.2569182
          ],
          [
            7.1606604,
            51.257184
          ],
          [
            7.160898,
            51.2573799
          ],
          [
            7.1611919,
            51.2575453
          ],
          [
            7.1615552,
            51.2576982
          ],
          [
            7.1619236,
            51.2578455
          ],
          [
            7.1622809,
            51.257989
          ],
          [
            7.1623296,
            51.2580096
          ],
          [
            7.1625896,
            51.2581147
          ],
          [
            7.162899,
            51.2582394
          ],
          [
            7.1631893,
            51.2583653
          ]
        ]
      }
    },
    {
      "type": "Feature",
      "properties": {
        "osmWayId": 305115095,
        "alt_name": "Einschienige Hängebahn System Eugen Langen",
        "bridge": "yes",
        "covered": "yes",
        "electrified": "rail",
        "frequency": "0",
        "layer": "3",
        "level": "2",
        "monorail": "hanging",
        "name": "Schwebebahn",
        "railway": "monorail",
        "railway:etcs": "2",
        "railway:radio": "TETRA",
        "tracks": "2",
        "voltage": "750"
      },
      "geometry": {
        "type": "LineString",
        "coordinates": [
          [
            7.1481913,
            51.2558163
          ],
          [
            7.14842,
            51.2559198
          ]
        ]
      }
    },
    {
      "type": "Feature",
      "properties": {
        "osmWayId": 307459757,
        "cycleway:both": "lane",
        "cycleway:both:lane": "exclusive",
        "highway": "primary",
        "lanes": "2",
        "lanes:backward": "1",
        "lanes:forward": "1",
        "lit": "yes",
        "maxspeed": "50",
        "name": "Friedrich-Ebert-Straße",
        "name:etymology:wikidata": "Q2646",
        "name:etymology:wikipedia": "de:Friedrich Ebert",
        "ref": "B 7",
        "sidewalk": "both",
        "sidewalk:both:surface": "paving_stones",
        "surface": "asphalt",
        "wikidata": "Q1457731",
        "wikipedia": "Friedrich-Ebert-Straße (Wuppertal)"
      },
      "geometry": {
        "type": "LineString",
        "coordinates": [
          [
            7.1094804,
            51.2487007
          ],
          [
            7.1098037,
            51.2488322
          ],
          [
            7.1101124,
            51.2489372
          ],
          [
            7.1104738,
            51.2490441
          ],
          [
            7.1108231,
            51.2491305
          ],
          [
            7.1111935,
            51.2492085
          ],
          [
            7.1116418,
            51.2492964
          ],
          [
            7.1121032,
            51.2493792
          ],
          [
            7.1124786,
            51.2494359
          ],
          [
            7.1127428,
            51.2494666
          ],
          [
            7.1130559,
            51.2494985
          ],
          [
            7.1137843,
            51.2495582
          ],
          [
            7.114368,
            51.2495745
          ],
          [
            7.1149293,
            51.249565
          ],
          [
            7.115375,
            51.2495338
          ],
          [
            7.1158901,
            51.2494765
          ],
          [
            7.1169594,
            51.2493593
          ],
          [
            7.1182053,
            51.2492188
          ],
          [
            7.1185301,
            51.2491853
          ],
          [
            7.1186648,
            51.2491703
          ],
          [
            7.1207924,
            51.2489219
          ],
          [
            7.1209703,
            51.2488984
          ]
        ]
      }
    },
    {
      "type": "Feature",
      "properties": {
        "osmWayId": 317264672,
        "bridge": "yes",
        "bus:lanes": "yes|yes|designated",
        "cycleway:right": "share_busway",
        "highway": "primary",
        "lanes": "3",
        "layer": "1",
        "lit": "yes",
        "maxspeed": "50",
        "maxweight:signed": "no",
        "name": "Bundesallee",
        "oneway": "yes",
        "ref": "B 7",
        "sidewalk": "right",
        "surface": "asphalt",
        "vehicle:lanes": "yes|yes|no"
      },
      "geometry": {
        "type": "LineString",
        "coordinates": [
          [
            7.1413177,
            51.2545616
          ],
          [
            7.1414309,
            51.2545655
          ]
        ]
      }
    },
    {
      "type": "Feature",
      "properties": {
        "osmWayId": 326203720,
        "alt_name": "Einschienige Hängebahn System Eugen Langen",
        "bridge": "yes",
        "electrified": "rail",
        "layer": "2",
        "level": "2",
        "monorail": "hanging",
        "name": "Schwebebahn",
        "operator": "WSW mobil GmbH",
        "operator:wikidata": "Q44880072",
        "railway": "monorail",
        "railway:etcs": "2",
        "railway:radio": "TETRA",
        "tracks": "2",
        "voltage": "750"
      },
      "geometry": {
        "type": "LineString",
        "coordinates": [
          [
            7.1032562,
            51.2412744
          ],
          [
            7.1032898,
            51.2414936
          ],
          [
            7.1033488,
            51.2417656
          ],
          [
            7.1033863,
            51.2420659
          ],
          [
            7.103436,
            51.2423518
          ],
          [
            7.1034853,
            51.2426338
          ],
          [
            7.1035436,
            51.2429047
          ],
          [
            7.1036527,
            51.2431129
          ],
          [
            7.1038254,
            51.2432997
          ],
          [
            7.1040526,
            51.2434632
          ],
          [
            7.1044227,
            51.2436301
          ],
          [
            7.1048109,
            51.2437767
          ],
          [
            7.1051298,
            51.2439214
          ],
          [
            7.1052583,
            51.2439991
          ],
          [
            7.1053678,
            51.2440846
          ],
          [
            7.1055388,
            51.2442754
          ],
          [
            7.1055932,
            51.2443762
          ],
          [
            7.1056519,
            51.2444834
          ],
          [
            7.1057717,
            51.2447617
          ],
          [
            7.1059007,
            51.2450345
          ],
          [
            7.1060549,
            51.2452901
          ],
          [
            7.106237,
            51.2455391
          ],
          [
            7.1064289,
            51.2457874
          ],
          [
            7.1066111,
            51.2460372
          ],
          [
            7.1067969,
            51.2462844
          ],
          [
            7.1069541,
            51.2464832
          ],
          [
            7.1071276,
            51.2466602
          ],
          [
            7.1071435,
            51.2466764
          ],
          [
            7.1073586,
            51.2468677
          ],
          [
            7.1076143,
            51.2470904
          ],
          [
            7.1078862,
            51.2473032
          ],
          [
            7.1081617,
            51.247519
          ],
          [
            7.1084453,
            51.2476873
          ],
          [
            7.1087733,
            51.2478242
          ],
          [
            7.1091389,
            51.2479207
          ],
          [
            7.1095426,
            51.2479719
          ],
          [
            7.109949,
            51.2479935
          ],
          [
            7.1103875,
            51.248007
          ],
          [
            7.1108227,
            51.248017
          ],
          [
            7.1112578,
            51.2480354
          ],
          [
            7.1116918,
            51.2480678
          ],
          [
            7.1121378,
            51.2481241
          ],
          [
            7.1125787,
            51.248194
          ],
          [
            7.1129186,
            51.2482493
          ],
          [
            7.1133394,
            51.2483159
          ],
          [
            7.1137571,
            51.2484003
          ],
          [
            7.1141667,
            51.248495
          ],
          [
            7.1146155,
            51.2485993
          ],
          [
            7.1150265,
            51.2486949
          ],
          [
            7.1154162,
            51.2487859
          ],
          [
            7.1158449,
            51.2488745
          ],
          [
            7.1162698,
            51.2489415
          ],
          [
            7.1166549,
            51.2489841
          ],
          [
            7.1170896,
            51.249009
          ],
          [
            7.117526,
            51.249019
          ],
          [
            7.117961,
            51.2490038
          ],
          [
            7.1183246,
            51.2489805
          ],
          [
            7.1184992,
            51.2489646
          ],
          [
            7.1186969,
            51.2489441
          ],
          [
            7.1190401,
            51.2489074
          ],
          [
            7.1194235,
            51.2488685
          ],
          [
            7.1197715,
            51.2488336
          ],
          [
            7.1201503,
            51.248757
          ],
          [
            7.1204522,
            51.2486469
          ],
          [
            7.1207785,
            51.2484842
          ],
          [
            7.1211009,
            51.2483195
          ],
          [
            7.1213864,
            51.2481911
          ],
          [
            7.1217189,
            51.248098
          ],
          [
            7.1221208,
            51.2480465
          ],
          [
            7.1225539,
            51.248029
          ],
          [
            7.1229874,
            51.24802
          ],
          [
            7.1234253,
            51.2480389
          ],
          [
            7.1238493,
            51.2480914
          ],
          [
            7.1242699,
            51.248177
          ],
          [
            7.1245896,
            51.2482713
          ],
          [
            7.1249626,
            51.2484077
          ],
          [
            7.1251613,
            51.2485025
          ],
          [
            7.1252635,
            51.2485501
          ],
          [
            7.1253982,
            51.2486225
          ],
          [
            7.1255419,
            51.2486962
          ],
          [
            7.1258137,
            51.2488424
          ],
          [
            7.1261449,
            51.2490209
          ],
          [
            7.1264763,
            51.249198
          ],
          [
            7.1268387,
            51.2493948
          ],
          [
            7.1271766,
            51.2495693
          ],
          [
            7.1273605,
            51.2496392
          ],
          [
            7.1275187,
            51.2496857
          ],
          [
            7.127863,
            51.2497483
          ],
          [
            7.128226,
            51.2497668
          ],
          [
            7.1286148,
            51.2497329
          ],
          [
            7.1289591,
            51.2496889
          ],
          [
            7.1293047,
            51.249645
          ],
          [
            7.1296952,
            51.2496114
          ],
          [
            7.1300371,
            51.2496192
          ],
          [
            7.1303623,
            51.2496741
          ],
          [
            7.1305041,
            51.249712
          ],
          [
            7.1306644,
            51.2497634
          ],
          [
            7.1307797,
            51.2498134
          ],
          [
            7.1309367,
            51.2498909
          ],
          [
            7.1310073,
            51.2499366
          ],
          [
            7.13108,
            51.24999
          ],
          [
            7.1311838,
            51.2500691
          ],
          [
            7.1313038,
            51.2502034
          ],
          [
            7.1314112,
            51.2503478
          ],
          [
            7.1315735,
            51.2506318
          ],
          [
            7.1317349,
            51.2509153
          ],
          [
            7.1319002,
            51.251199
          ],
          [
            7.1320545,
            51.2514095
          ],
          [
            7.1322539,
            51.2516027
          ],
          [
            7.1325245,
            51.2517811
          ],
          [
            7.1328454,
            51.2519254
          ],
          [
            7.1331549,
            51.2520306
          ],
          [
            7.1335062,
            51.2521395
          ],
          [
            7.1338242,
            51.2522352
          ],
          [
            7.1341564,
            51.2523377
          ],
          [
            7.134347,
            51.252396
          ],
          [
            7.1344885,
            51.2524389
          ],
          [
            7.1349187,
            51.2525698
          ],
          [
            7.1352359,
            51.2526665
          ],
          [
            7.1355864,
            51.2527751
          ],
          [
            7.1359416,
            51.2528831
          ],
          [
            7.1363509,
            51.2530072
          ],
          [
            7.1366695,
            51.2531114
          ],
          [
            7.1369795,
            51.2532172
          ],
          [
            7.1373229,
            51.2533358
          ],
          [
            7.1376283,
            51.2534452
          ],
          [
            7.137977,
            51.2535591
          ],
          [
            7.1383695,
            51.2536787
          ],
          [
            7.1387738,
            51.2537857
          ],
          [
            7.1391574,
            51.2538798
          ],
          [
            7.1396185,
            51.2539938
          ],
          [
            7.1400261,
            51.2540927
          ],
          [
            7.1404321,
            51.2541939
          ],
          [
            7.1407365,
            51.2543055
          ],
          [
            7.1409888,
            51.254448
          ],
          [
            7.1412297,
            51.254619
          ],
          [
            7.1415257,
            51.2548348
          ],
          [
            7.141758,
            51.2550147
          ],
          [
            7.14201,
            51.2551667
          ],
          [
            7.1423117,
            51.2552798
          ],
          [
            7.1426333,
            51.2553653
          ],
          [
            7.1427546,
            51.255398
          ],
          [
            7.1431565,
            51.2555058
          ],
          [
            7.1435595,
            51.2556142
          ],
          [
            7.1439096,
            51.2556869
          ],
          [
            7.1440579,
            51.255701
          ],
          [
            7.1442732,
            51.2557167
          ],
          [
            7.1444863,
            51.2557068
          ],
          [
            7.1446658,
            51.2556958
          ],
          [
            7.1451005,
            51.2556543
          ],
          [
            7.1455319,
            51.255614
          ],
          [
            7.1459525,
            51.2555764
          ],
          [
            7.1464211,
            51.2555494
          ],
          [
            7.1468617,
            51.2555568
          ],
          [
            7.1472929,
            51.2555973
          ],
          [
            7.1476726,
            51.2556636
          ],
          [
            7.1479979,
            51.2557481
          ],
          [
            7.1481704,
            51.2558089
          ]
        ]
      }
    },
    {
      "type": "Feature",
      "properties": {
        "osmWayId": 326203721,
        "alt_name": "Einschienige Hängebahn System Eugen Langen",
        "bridge": "yes",
        "electrified": "rail",
        "frequency": "0",
        "layer": "2",
        "level": "2",
        "monorail": "hanging",
        "name": "Schwebebahn",
        "oneway": "yes",
        "railway": "monorail",
        "railway:etcs": "2",
        "railway:radio": "TETRA",
        "voltage": "750"
      },
      "geometry": {
        "type": "LineString",
        "coordinates": [
          [
            7.1032618,
            51.240503
          ],
          [
            7.103277,
            51.240562
          ],
          [
            7.1032731,
            51.2408122
          ],
          [
            7.1032712,
            51.2409382
          ],
          [
            7.1032712,
            51.2410461
          ],
          [
            7.1032706,
            51.2412372
          ],
          [
            7.1032562,
            51.2412744
          ]
        ]
      }
    },
    {
      "type": "Feature",
      "properties": {
        "osmWayId": 326203722,
        "alt_name": "Einschienige Hängebahn System Eugen Langen",
        "bridge": "yes",
        "electrified": "rail",
        "frequency": "0",
        "layer": "2",
        "level": "2",
        "monorail": "hanging",
        "name": "Schwebebahn",
        "oneway": "yes",
        "railway": "monorail",
        "railway:etcs": "2",
        "railway:radio": "TETRA",
        "voltage": "750"
      },
      "geometry": {
        "type": "LineString",
        "coordinates": [
          [
            7.1032562,
            51.2412744
          ],
          [
            7.1032459,
            51.2412387
          ],
          [
            7.1032434,
            51.2410461
          ],
          [
            7.1032419,
            51.2409382
          ],
          [
            7.1032422,
            51.2408131
          ],
          [
            7.1032429,
            51.2405627
          ],
          [
            7.1032618,
            51.240503
          ]
        ]
      }
    },
    {
      "type": "Feature",
      "properties": {
        "osmWayId": 326352997,
        "alt_name": "Einschienige Hängebahn System Eugen Langen",
        "electrified": "rail",
        "frequency": "0",
        "indoor": "yes",
        "layer": "2",
        "level": "2",
        "monorail": "hanging",
        "name": "Schwebebahn",
        "oneway": "yes",
        "railway": "monorail",
        "railway:etcs": "2",
        "tunnel": "building_passage",
        "voltage": "750"
      },
      "geometry": {
        "type": "LineString",
        "coordinates": [
          [
            7.2228688,
            51.2746369
          ],
          [
            7.2242177,
            51.2745083
          ],
          [
            7.2242702,
            51.2745117
          ],
          [
            7.2243107,
            51.2745202
          ],
          [
            7.2243379,
            51.2745345
          ],
          [
            7.2243556,
            51.2745507
          ],
          [
            7.2243665,
            51.2745763
          ],
          [
            7.2243694,
            51.2746028
          ],
          [
            7.2243615,
            51.2746336
          ],
          [
            7.2243362,
            51.2746585
          ],
          [
            7.2242991,
            51.2746759
          ],
          [
            7.2242445,
            51.274684
          ],
          [
            7.2228924,
            51.2747781
          ]
        ]
      }
    },
    {
      "type": "Feature",
      "properties": {
        "osmWayId": 326352998,
        "alt_name": "Einschienige Hängebahn System Eugen Langen",
        "bridge": "yes",
        "electrified": "rail",
        "frequency": "0",
        "layer": "5",
        "level": "2",
        "monorail": "hanging",
        "name": "Schwebebahn",
        "oneway": "yes",
        "railway": "monorail",
        "railway:etcs": "2",
        "railway:radio": "TETRA",
        "voltage": "750"
      },
      "geometry": {
        "type": "LineString",
        "coordinates": [
          [
            7.2217516,
            51.2746939
          ],
          [
            7.2219036,
            51.2747013
          ],
          [
            7.2219629,
            51.2747038
          ]
        ]
      }
    },
    {
      "type": "Feature",
      "properties": {
        "osmWayId": 332394070,
        "cycleway:both": "no",
        "highway": "primary",
        "lanes": "5",
        "lanes:backward": "3",
        "lit": "yes",
        "maxspeed": "50",
        "name": "Friedrich-Engels-Allee",
        "placement:backward": "right_of:2",
        "ref": "B 7",
        "sidewalk": "both",
        "sidewalk:both:surface": "paving_stones",
        "surface": "asphalt",
        "turn:lanes:backward": "left|through|through",
        "wikipedia": "de:Friedrich-Engels-Allee"
      },
      "geometry": {
        "type": "LineString",
        "coordinates": [
          [
            7.1762123,
            51.2626178
          ],
          [
            7.1767884,
            51.2628012
          ],
          [
            7.1769084,
            51.2628458
          ]
        ]
      }
    },
    {
      "type": "Feature",
      "properties": {
        "osmWayId": 332394076,
        "cycleway:both": "no",
        "highway": "primary",
        "lanes": "4",
        "lanes:backward": "2",
        "lanes:forward": "2",
        "lit": "yes",
        "maxspeed": "50",
        "name": "Friedrich-Engels-Allee",
        "ref": "B 7",
        "sidewalk": "both",
        "surface": "asphalt",
        "wikipedia": "de:Friedrich-Engels-Allee"
      },
      "geometry": {
        "type": "LineString",
        "coordinates": [
          [
            7.1769084,
            51.2628458
          ],
          [
            7.1772789,
            51.2629915
          ],
          [
            7.1774655,
            51.2630505
          ],
          [
            7.1778878,
            51.2631786
          ]
        ]
      }
    },
    {
      "type": "Feature",
      "properties": {
        "osmWayId": 332631252,
        "cycleway": "lane",
        "highway": "primary",
        "lanes": "2",
        "lit": "yes",
        "maxspeed": "50",
        "name": "Berliner Straße",
        "oneway": "yes",
        "ref": "B 7",
        "sidewalk": "right",
        "surface": "asphalt"
      },
      "geometry": {
        "type": "LineString",
        "coordinates": [
          [
            7.2305182,
            51.276035
          ],
          [
            7.2303397,
            51.2760121
          ],
          [
            7.2303021,
            51.2760073
          ],
          [
            7.2301121,
            51.2759714
          ]
        ]
      }
    },
    {
      "type": "Feature",
      "properties": {
        "osmWayId": 366271211,
        "alt_name": "Einschienige Hängebahn System Eugen Langen",
        "bridge": "yes",
        "electrified": "rail",
        "frequency": "0",
        "layer": "5",
        "level": "2",
        "monorail": "hanging",
        "name": "Schwebebahn",
        "oneway": "yes",
        "railway": "monorail",
        "railway:etcs": "2",
        "voltage": "750"
      },
      "geometry": {
        "type": "LineString",
        "coordinates": [
          [
            7.2224857,
            51.2746932
          ],
          [
            7.2225028,
            51.2746907
          ],
          [
            7.2228436,
            51.2746406
          ]
        ]
      }
    },
    {
      "type": "Feature",
      "properties": {
        "osmWayId": 366271217,
        "alt_name": "Einschienige Hängebahn System Eugen Langen",
        "bridge": "yes",
        "electrified": "rail",
        "frequency": "0",
        "layer": "5",
        "level": "2",
        "monorail": "hanging",
        "name": "Schwebebahn",
        "oneway": "yes",
        "railway": "monorail",
        "railway:etcs": "2",
        "railway:radio": "TETRA",
        "voltage": "750"
      },
      "geometry": {
        "type": "LineString",
        "coordinates": [
          [
            7.2219609,
            51.2747215
          ],
          [
            7.2219528,
            51.2747206
          ],
          [
            7.2219002,
            51.2747146
          ],
          [
            7.2217516,
            51.2746939
          ]
        ]
      }
    },
    {
      "type": "Feature",
      "properties": {
        "osmWayId": 366271223,
        "alt_name": "Einschienige Hängebahn System Eugen Langen",
        "bridge": "yes",
        "electrified": "rail",
        "frequency": "0",
        "indoor": "yes",
        "layer": "5",
        "level": "2",
        "monorail": "hanging",
        "name": "Schwebebahn",
        "oneway": "yes",
        "railway": "monorail",
        "railway:etcs": "2",
        "railway:radio": "TETRA",
        "voltage": "750"
      },
      "geometry": {
        "type": "LineString",
        "coordinates": [
          [
            7.2224884,
            51.2747689
          ],
          [
            7.2223864,
            51.2747626
          ],
          [
            7.2222882,
            51.2747531
          ]
        ]
      }
    },
    {
      "type": "Feature",
      "properties": {
        "osmWayId": 366271231,
        "alt_name": "Einschienige Hängebahn System Eugen Langen",
        "bridge": "yes",
        "electrified": "rail",
        "frequency": "0",
        "indoor": "yes",
        "layer": "5",
        "level": "2",
        "monorail": "hanging",
        "name": "Schwebebahn",
        "oneway": "yes",
        "railway": "monorail",
        "railway:etcs": "2",
        "railway:radio": "TETRA",
        "voltage": "750"
      },
      "geometry": {
        "type": "LineString",
        "coordinates": [
          [
            7.2222903,
            51.2747097
          ],
          [
            7.2224417,
            51.2746969
          ],
          [
            7.2224744,
            51.2746942
          ],
          [
            7.2224857,
            51.2746932
          ]
        ]
      }
    },
    {
      "type": "Feature",
      "properties": {
        "osmWayId": 403031653,
        "foot": "use_sidepath",
        "highway": "primary",
        "lanes": "2",
        "maxspeed": "50",
        "name": "Düsseldorfer Straße",
        "oneway": "no",
        "ref": "B 7",
        "sidewalk:left": "no",
        "sidewalk:right": "separate",
        "surface": "asphalt"
      },
      "geometry": {
        "type": "LineString",
        "coordinates": [
          [
            7.0806751,
            51.2544485
          ],
          [
            7.0810312,
            51.2545879
          ],
          [
            7.0812924,
            51.2547205
          ],
          [
            7.0814854,
            51.2548202
          ],
          [
            7.0817502,
            51.254954
          ]
        ]
      }
    },
    {
      "type": "Feature",
      "properties": {
        "osmWayId": 403031654,
        "foot": "use_sidepath",
        "highway": "primary",
        "lanes": "2",
        "maxspeed": "50",
        "name": "Düsseldorfer Straße",
        "oneway": "no",
        "ref": "B 7",
        "sidewalk": "no",
        "surface": "asphalt"
      },
      "geometry": {
        "type": "LineString",
        "coordinates": [
          [
            7.0817502,
            51.254954
          ],
          [
            7.0832807,
            51.2557328
          ],
          [
            7.0837516,
            51.2559668
          ],
          [
            7.0839941,
            51.2560765
          ]
        ]
      }
    },
    {
      "type": "Feature",
      "properties": {
        "osmWayId": 407466230,
        "bridge": "yes",
        "cycleway:left": "no",
        "cycleway:right": "share_busway",
        "foot": "no",
        "highway": "primary",
        "lanes": "3",
        "layer": "1",
        "lit": "yes",
        "maxspeed": "50",
        "maxspeed:type": "DE:urban",
        "maxweight:signed": "no",
        "name": "Bundesallee",
        "oneway": "yes",
        "parking:both": "no",
        "psv:lanes": "through|through|designated",
        "ref": "B 7",
        "sidewalk": "no",
        "surface": "asphalt",
        "zone:traffic": "DE:urban"
      },
      "geometry": {
        "type": "LineString",
        "coordinates": [
          [
            7.1466095,
            51.2550556
          ],
          [
            7.1464149,
            51.255033
          ]
        ]
      }
    },
    {
      "type": "Feature",
      "properties": {
        "osmWayId": 407466231,
        "bicycle": "yes",
        "bridge": "yes",
        "cycleway:both": "no",
        "foot": "no",
        "highway": "primary",
        "lanes": "3",
        "layer": "1",
        "lit": "yes",
        "maxspeed": "50",
        "maxspeed:type": "DE:urban",
        "maxweight:signed": "no",
        "name": "Bundesallee",
        "oneway": "yes",
        "ref": "B 7",
        "sidewalk": "no",
        "surface": "asphalt",
        "turn:lanes": "through|through|through;right",
        "zone:traffic": "DE:urban"
      },
      "geometry": {
        "type": "LineString",
        "coordinates": [
          [
            7.1464071,
            51.2548572
          ],
          [
            7.1465421,
            51.2548782
          ],
          [
            7.1466003,
            51.2548848
          ]
        ]
      }
    },
    {
      "type": "Feature",
      "properties": {
        "osmWayId": 435850743,
        "electrified": "rail",
        "frequency": "0",
        "indoor": "yes",
        "layer": "2",
        "monorail": "hanging",
        "name": "Schwebebahn",
        "oneway": "yes",
        "railway": "monorail",
        "railway:etcs": "2",
        "tunnel": "building_passage",
        "voltage": "750"
      },
      "geometry": {
        "type": "LineString",
        "coordinates": [
          [
            7.2228688,
            51.2746369
          ],
          [
            7.2229109,
            51.2746357
          ],
          [
            7.2229421,
            51.2746378
          ],
          [
            7.2229708,
            51.2746456
          ],
          [
            7.2229939,
            51.2746595
          ],
          [
            7.2230105,
            51.274677
          ],
          [
            7.2230177,
            51.274695
          ],
          [
            7.2230186,
            51.2747165
          ],
          [
            7.2230083,
            51.2747387
          ],
          [
            7.2229915,
            51.2747535
          ],
          [
            7.2229685,
            51.2747651
          ],
          [
            7.2229353,
            51.274772
          ],
          [
            7.2228924,
            51.2747781
          ]
        ]
      }
    },
    {
      "type": "Feature",
      "properties": {
        "osmWayId": 435850744,
        "alt_name": "Einschienige Hängebahn System Eugen Langen",
        "electrified": "rail",
        "frequency": "0",
        "indoor": "yes",
        "layer": "2",
        "level": "2",
        "monorail": "hanging",
        "name": "Schwebebahn",
        "railway": "monorail",
        "railway:etcs": "2",
        "tunnel": "building_passage",
        "voltage": "750"
      },
      "geometry": {
        "type": "LineString",
        "coordinates": [
          [
            7.2230519,
            51.2746481
          ],
          [
            7.2242594,
            51.2745402
          ],
          [
            7.2243115,
            51.2745408
          ],
          [
            7.2243556,
            51.2745507
          ]
        ]
      }
    },
    {
      "type": "Feature",
      "properties": {
        "osmWayId": 435850745,
        "alt_name": "Einschienige Hängebahn System Eugen Langen",
        "electrified": "rail",
        "frequency": "0",
        "indoor": "yes",
        "layer": "2",
        "level": "2",
        "monorail": "hanging",
        "name": "Schwebebahn",
        "railway": "monorail",
        "railway:etcs": "2",
        "tunnel": "building_passage",
        "voltage": "750"
      },
      "geometry": {
        "type": "LineString",
        "coordinates": [
          [
            7.2230709,
            51.2747358
          ],
          [
            7.2242273,
            51.274654
          ],
          [
            7.224267,
            51.2746475
          ],
          [
            7.224308,
            51.2746372
          ],
          [
            7.2243407,
            51.2746235
          ],
          [
            7.2243694,
            51.2746028
          ]
        ]
      }
    },
    {
      "type": "Feature",
      "properties": {
        "osmWayId": 435850746,
        "alt_name": "Einschienige Hängebahn System Eugen Langen",
        "electrified": "rail",
        "frequency": "0",
        "indoor": "yes",
        "layer": "2",
        "level": "2",
        "monorail": "hanging",
        "name": "Schwebebahn",
        "railway": "monorail",
        "railway:etcs": "2",
        "tunnel": "building_passage",
        "voltage": "750"
      },
      "geometry": {
        "type": "LineString",
        "coordinates": [
          [
            7.22306,
            51.2746806
          ],
          [
            7.2242481,
            51.2745763
          ],
          [
            7.2242881,
            51.2745759
          ],
          [
            7.2243201,
            51.2745814
          ],
          [
            7.2243481,
            51.2745896
          ],
          [
            7.2243694,
            51.2746028
          ]
        ]
      }
    },
    {
      "type": "Feature",
      "properties": {
        "osmWayId": 469989645,
        "cycleway": "shared_lane",
        "highway": "primary",
        "lanes": "3",
        "lit": "yes",
        "maxspeed": "50",
        "name": "Dahler Straße",
        "oneway": "yes",
        "placement": "right_of:2",
        "ref": "B 7",
        "sidewalk": "right",
        "sidewalk:right:surface": "paving_stones",
        "surface": "asphalt",
        "turn:lanes": "left|through|through;right"
      },
      "geometry": {
        "type": "LineString",
        "coordinates": [
          [
            7.2421576,
            51.2809739
          ],
          [
            7.2425715,
            51.280981
          ]
        ]
      }
    },
    {
      "type": "Feature",
      "properties": {
        "osmWayId": 470828127,
        "change:lanes:backward": "not_left|",
        "change:lanes:forward": "not_left|",
        "highway": "primary",
        "lanes": "2",
        "lit": "yes",
        "maxspeed": "50",
        "name": "Jesinghauser Straße",
        "parking:lane": "right",
        "parking:lane:right": "parallel",
        "parking:lane:right:parallel": "by_lay",
        "priority_road": "designated",
        "ref": "B 7",
        "sidewalk": "both",
        "sidewalk:both:surface": "paving_stones",
        "surface": "asphalt",
        "turn:lanes": "left;through|through;right"
      },
      "geometry": {
        "type": "LineString",
        "coordinates": [
          [
            7.2465412,
            51.2809619
          ],
          [
            7.2461491,
            51.2809179
          ]
        ]
      }
    },
    {
      "type": "Feature",
      "properties": {
        "osmWayId": 476995415,
        "bridge": "yes",
        "cycleway:both": "no",
        "foot": "no",
        "highway": "primary",
        "lanes": "2",
        "layer": "1",
        "lit": "yes",
        "maxheight": "none",
        "maxspeed": "50",
        "maxweight:signed": "no",
        "name": "Höhne",
        "oneway": "yes",
        "parking:both": "no",
        "ref": "B 7",
        "shoulder": "no",
        "sidewalk": "no",
        "surface": "asphalt"
      },
      "geometry": {
        "type": "LineString",
        "coordinates": [
          [
            7.1972376,
            51.2695754
          ],
          [
            7.1975508,
            51.2696933
          ]
        ]
      }
    },
    {
      "type": "Feature",
      "properties": {
        "osmWayId": 476997420,
        "bridge": "yes",
        "cycleway:both": "no",
        "foot": "no",
        "highway": "primary",
        "lanes": "2",
        "layer": "1",
        "lit": "yes",
        "maxheight": "none",
        "maxspeed": "50",
        "maxweight:signed": "no",
        "name": "Höhne",
        "oneway": "yes",
        "parking:both": "no",
        "ref": "B 7",
        "shoulder": "no",
        "sidewalk": "no",
        "surface": "asphalt"
      },
      "geometry": {
        "type": "LineString",
        "coordinates": [
          [
            7.1975508,
            51.2696933
          ],
          [
            7.1976625,
            51.2697334
          ]
        ]
      }
    },
    {
      "type": "Feature",
      "properties": {
        "osmWayId": 477074730,
        "change:lanes": "no|no|no|no",
        "cycleway:both": "no",
        "destination:colour:lanes": "white;white|white;white|none;none|none;none",
        "destination:lanes": "Rathaus;Krankenhäuser|Rathaus;Krankenhäuser|Hagen;Schwelm|Hagen;Schwelm",
        "destination:ref:lanes": "none;none|none;none|B 7|B 7",
        "destination:symbol:lanes": "none;hospital|none;hospital|none;none|none;none",
        "destination:symbol:to:lanes": "motorway;motorway|motorway;motorway|none;none|none;none",
        "destination:to:lanes": "Düsseldorf;Dortmund|Düsseldorf;Dortmund|none|none",
        "foot": "no",
        "highway": "primary",
        "lanes": "4",
        "lit": "yes",
        "maxspeed": "50",
        "name": "Friedrich-Engels-Allee",
        "oneway": "yes",
        "parking:both": "no",
        "placement": "right_of:3",
        "ref": "B 7",
        "sidewalk": "no",
        "surface": "asphalt",
        "turn:lanes": "left|left|through|through",
        "wikipedia": "de:Friedrich-Engels-Allee",
        "zone:traffic": "DE:urban"
      },
      "geometry": {
        "type": "LineString",
        "coordinates": [
          [
            7.1967463,
            51.2693925
          ],
          [
            7.1968764,
            51.2694398
          ],
          [
            7.1970489,
            51.2694991
          ]
        ]
      }
    },
    {
      "type": "Feature",
      "properties": {
        "osmWayId": 477075774,
        "cycleway:right": "no",
        "foot": "no",
        "highway": "primary",
        "lanes": "2",
        "layer": "1",
        "lit": "yes",
        "maxspeed": "50",
        "name": "Friedrich-Engels-Allee",
        "oneway": "yes",
        "parking:both": "no",
        "ref": "B 7",
        "sidewalk": "no",
        "surface": "asphalt",
        "wikipedia": "de:Friedrich-Engels-Allee",
        "zone:traffic": "DE:urban"
      },
      "geometry": {
        "type": "LineString",
        "coordinates": [
          [
            7.1966545,
            51.2696417
          ],
          [
            7.1965226,
            51.2695852
          ]
        ]
      }
    },
    {
      "type": "Feature",
      "properties": {
        "osmWayId": 477138688,
        "change:lanes": "no|not_left|",
        "cycleway:both": "no",
        "highway": "primary",
        "lanes": "3",
        "lit": "yes",
        "maxspeed": "50",
        "name": "Friedrich-Engels-Allee",
        "oneway": "yes",
        "placement": "right_of:2",
        "ref": "B 7",
        "sidewalk": "right",
        "smoothness": "good",
        "surface": "asphalt",
        "wikipedia": "de:Friedrich-Engels-Allee",
        "zone:traffic": "DE:urban"
      },
      "geometry": {
        "type": "LineString",
        "coordinates": [
          [
            7.1937624,
            51.268248
          ],
          [
            7.1939863,
            51.2683352
          ]
        ]
      }
    },
    {
      "type": "Feature",
      "properties": {
        "osmWayId": 477145549,
        "cycleway:right": "track",
        "highway": "primary",
        "lanes": "2",
        "lit": "yes",
        "maxspeed": "50",
        "name": "Höhne",
        "oneway": "yes",
        "ref": "B 7",
        "sidewalk": "right",
        "sidewalk:right:surface": "paving_stones",
        "surface": "asphalt"
      },
      "geometry": {
        "type": "LineString",
        "coordinates": [
          [
            7.2068274,
            51.2730486
          ],
          [
            7.2067449,
            51.2729841
          ]
        ]
      }
    },
    {
      "type": "Feature",
      "properties": {
        "osmWayId": 477241090,
        "check_date:cycleway": "2023-04-29",
        "cycleway:right": "no",
        "highway": "primary",
        "lanes": "2",
        "lit": "yes",
        "maxspeed": "50",
        "name": "Friedrich-Engels-Allee",
        "oneway": "yes",
        "ref": "B 7",
        "sidewalk": "right",
        "smoothness": "good",
        "surface": "asphalt",
        "turn:lanes": "left;through|through",
        "wikipedia": "de:Friedrich-Engels-Allee"
      },
      "geometry": {
        "type": "LineString",
        "coordinates": [
          [
            7.1842696,
            51.2651786
          ],
          [
            7.1844595,
            51.2652399
          ],
          [
            7.1847613,
            51.2653388
          ]
        ]
      }
    },
    {
      "type": "Feature",
      "properties": {
        "osmWayId": 477241091,
        "check_date:cycleway": "2023-04-29",
        "cycleway:right": "no",
        "highway": "primary",
        "lanes": "2",
        "lit": "yes",
        "maxspeed": "50",
        "name": "Friedrich-Engels-Allee",
        "oneway": "yes",
        "ref": "B 7",
        "sidewalk": "right",
        "surface": "asphalt",
        "wikipedia": "de:Friedrich-Engels-Allee",
        "zone:traffic": "DE:urban"
      },
      "geometry": {
        "type": "LineString",
        "coordinates": [
          [
            7.187432,
            51.2661954
          ],
          [
            7.1869691,
            51.2660812
          ],
          [
            7.1861947,
            51.2658908
          ]
        ]
      }
    },
    {
      "type": "Feature",
      "properties": {
        "osmWayId": 477241092,
        "cycleway:right": "no",
        "highway": "primary",
        "lanes": "2",
        "lit": "yes",
        "maxspeed": "50",
        "name": "Friedrich-Engels-Allee",
        "oneway": "yes",
        "ref": "B 7",
        "sidewalk": "right",
        "sidewalk:right:surface": "paving_stones",
        "smoothness": "good",
        "surface": "asphalt",
        "turn:lanes": "through|through;right",
        "wikipedia": "de:Friedrich-Engels-Allee",
        "zone:traffic": "DE:urban"
      },
      "geometry": {
        "type": "LineString",
        "coordinates": [
          [
            7.1899681,
            51.2667257
          ],
          [
            7.1904045,
            51.2668668
          ],
          [
            7.19047,
            51.266888
          ]
        ]
      }
    },
    {
      "type": "Feature",
      "properties": {
        "osmWayId": 477241093,
        "cycleway:both": "no",
        "highway": "primary",
        "lanes": "3",
        "lit": "yes",
        "maxspeed": "50",
        "name": "Friedrich-Engels-Allee",
        "oneway": "yes",
        "placement": "right_of:1",
        "ref": "B 7",
        "sidewalk": "right",
        "sidewalk:right:surface": "paving_stones",
        "smoothness": "good",
        "surface": "asphalt",
        "turn:lanes": "through|through|right",
        "wikipedia": "de:Friedrich-Engels-Allee",
        "zone:traffic": "DE:urban"
      },
      "geometry": {
        "type": "LineString",
        "coordinates": [
          [
            7.1924407,
            51.2676768
          ],
          [
            7.1928541,
            51.2678741
          ],
          [
            7.1929268,
            51.2679094
          ]
        ]
      }
    },
    {
      "type": "Feature",
      "properties": {
        "osmWayId": 477380563,
        "cycleway": "shared_lane",
        "highway": "primary",
        "lanes": "2",
        "lit": "yes",
        "maxspeed": "50",
        "name": "Dahler Straße",
        "oneway": "yes",
        "ref": "B 7",
        "sidewalk": "right",
        "sidewalk:right:surface": "paving_stones",
        "surface": "asphalt"
      },
      "geometry": {
        "type": "LineString",
        "coordinates": [
          [
            7.2408109,
            51.2807638
          ],
          [
            7.241156,
            51.2808227
          ]
        ]
      }
    },
    {
      "type": "Feature",
      "properties": {
        "osmWayId": 477380569,
        "cycleway": "shared_lane",
        "highway": "primary",
        "lanes": "3",
        "lit": "yes",
        "maxspeed": "50",
        "name": "Dahler Straße",
        "oneway": "yes",
        "placement": "right_of:2",
        "ref": "B 7",
        "sidewalk": "right",
        "sidewalk:right:surface": "paving_stones",
        "surface": "asphalt",
        "turn:lanes": "left|through|through"
      },
      "geometry": {
        "type": "LineString",
        "coordinates": [
          [
            7.2411964,
            51.2809236
          ],
          [
            7.2407308,
            51.2808511
          ]
        ]
      }
    },
    {
      "type": "Feature",
      "properties": {
        "osmWayId": 477380574,
        "cycleway": "shared_lane",
        "highway": "primary",
        "lanes": "2",
        "lit": "yes",
        "maxspeed": "50",
        "name": "Dahler Straße",
        "oneway": "yes",
        "ref": "B 7",
        "sidewalk": "right",
        "sidewalk:right:surface": "paving_stones",
        "surface": "asphalt"
      },
      "geometry": {
        "type": "LineString",
        "coordinates": [
          [
            7.241753,
            51.2810144
          ],
          [
            7.2411964,
            51.2809236
          ]
        ]
      }
    },
    {
      "type": "Feature",
      "properties": {
        "osmWayId": 477380576,
        "cycleway": "shared_lane",
        "highway": "primary",
        "lanes": "3",
        "lit": "yes",
        "maxspeed": "50",
        "name": "Dahler Straße",
        "oneway": "yes",
        "placement": "right_of:2",
        "ref": "B 7",
        "sidewalk": "right",
        "sidewalk:right:surface": "paving_stones",
        "surface": "asphalt",
        "turn:lanes": "left|through|through"
      },
      "geometry": {
        "type": "LineString",
        "coordinates": [
          [
            7.241156,
            51.2808227
          ],
          [
            7.2417929,
            51.280919
          ]
        ]
      }
    },
    {
      "type": "Feature",
      "properties": {
        "osmWayId": 477443299,
        "cycleway:both": "lane",
        "cycleway:both:lane": "advisory",
        "highway": "primary",
        "lanes": "4",
        "lanes:backward": "2",
        "lanes:forward": "2",
        "lit": "yes",
        "maxspeed": "50",
        "name": "Dahler Straße",
        "ref": "B 7",
        "sidewalk": "both",
        "sidewalk:both:surface": "paving_stones",
        "surface": "asphalt",
        "turn:lanes:backward": "left;through|through"
      },
      "geometry": {
        "type": "LineString",
        "coordinates": [
          [
            7.238064,
            51.2794089
          ],
          [
            7.2381336,
            51.2795015
          ]
        ]
      }
    },
    {
      "type": "Feature",
      "properties": {
        "osmWayId": 477449989,
        "change:lanes": "|not_right|no",
        "check_date:cycleway": "2025-12-11",
        "check_date:lit": "2025-12-09",
        "check_date:surface": "2025-12-11",
        "cycleway:right": "no",
        "destination:colour:lanes": ";;;;white;white|;;;;white;white|;;white;white",
        "destination:lanes": "Bochum;Witten;Hagen;Schwelm;Nächstebreck|Bochum;Witten;Hagen;Schwelm;Nächstebreck|Remscheid;Solingen;Wuppertal-Beyenburg;Wuppertal-Langerfeld",
        "destination:ref:lanes": "B 7|B 7|",
        "destination:ref:to:lanes": "A 1|A 1|",
        "destination:to:lanes": "Köln;Dortmund|Köln;Dortmund|",
        "highway": "primary",
        "lanes": "3",
        "lit": "yes",
        "maxspeed": "50",
        "name": "Berliner Straße",
        "oneway": "yes",
        "placement": "right_of:1",
        "ref": "B 7",
        "sidewalk": "right",
        "surface": "asphalt",
        "turn:lanes": "through|through|right"
      },
      "geometry": {
        "type": "LineString",
        "coordinates": [
          [
            7.2276722,
            51.2752903
          ],
          [
            7.2280524,
            51.2753753
          ]
        ]
      }
    },
    {
      "type": "Feature",
      "properties": {
        "osmWayId": 477449992,
        "cycleway": "shared_lane",
        "highway": "primary",
        "lanes": "4",
        "lanes:backward": "2",
        "lanes:forward": "2",
        "lit": "yes",
        "maxspeed": "50",
        "name": "Höfen",
        "ref": "B 7",
        "sidewalk": "both",
        "surface": "asphalt",
        "turn:lanes:forward": "through|through;right"
      },
      "geometry": {
        "type": "LineString",
        "coordinates": [
          [
            7.2344005,
            51.2768672
          ],
          [
            7.2345465,
            51.2769098
          ],
          [
            7.234776,
            51.2769731
          ],
          [
            7.2351019,
            51.2770513
          ],
          [
            7.2352946,
            51.2770948
          ],
          [
            7.2354795,
            51.2771352
          ]
        ]
      }
    },
    {
      "type": "Feature",
      "properties": {
        "osmWayId": 477452428,
        "check_date:lit": "2025-12-09",
        "cycleway:right": "no",
        "highway": "primary",
        "lanes": "2",
        "lit": "yes",
        "maxspeed": "50",
        "name": "Berliner Straße",
        "oneway": "yes",
        "ref": "B 7",
        "sidewalk": "right",
        "sidewalk:right:surface": "paving_stones",
        "surface": "asphalt",
        "turn:lanes": "left;through|through;right"
      },
      "geometry": {
        "type": "LineString",
        "coordinates": [
          [
            7.2268234,
            51.2752268
          ],
          [
            7.2265529,
            51.2751718
          ],
          [
            7.2263363,
            51.2751318
          ]
        ]
      }
    },
    {
      "type": "Feature",
      "properties": {
        "osmWayId": 477452433,
        "check_date:cycleway": "2025-12-11",
        "check_date:lit": "2025-12-09",
        "check_date:surface": "2025-12-11",
        "cycleway:right": "no",
        "highway": "primary",
        "lanes": "2",
        "lit": "yes",
        "maxspeed": "50",
        "name": "Berliner Straße",
        "oneway": "yes",
        "ref": "B 7",
        "sidewalk": "right",
        "sidewalk:right:surface": "paving_stones",
        "surface": "asphalt",
        "turn:lanes": "through|through;right"
      },
      "geometry": {
        "type": "LineString",
        "coordinates": [
          [
            7.2259329,
            51.2749643
          ],
          [
            7.2262348,
            51.2749882
          ],
          [
            7.2264518,
            51.275024
          ],
          [
            7.2267645,
            51.275089
          ],
          [
            7.2269614,
            51.2751364
          ],
          [
            7.2271962,
            51.2751858
          ]
        ]
      }
    },
    {
      "type": "Feature",
      "properties": {
        "osmWayId": 477466174,
        "cycleway:right": "track",
        "highway": "primary",
        "lanes": "2",
        "lit": "yes",
        "maxspeed": "30",
        "name": "Berliner Straße",
        "oneway": "yes",
        "parking:left": "no",
        "parking:right": "street_side",
        "parking:right:orientation": "parallel",
        "ref": "B 7",
        "sidewalk": "right",
        "sidewalk:right:surface": "paving_stones",
        "smoothness": "good",
        "surface": "asphalt",
        "turn:lanes": "through|through;right"
      },
      "geometry": {
        "type": "LineString",
        "coordinates": [
          [
            7.2199634,
            51.2752842
          ],
          [
            7.2197284,
            51.2752726
          ],
          [
            7.2196691,
            51.2752697
          ],
          [
            7.2195956,
            51.2752664
          ],
          [
            7.2194685,
            51.2752619
          ]
        ]
      }
    },
    {
      "type": "Feature",
      "properties": {
        "osmWayId": 477466175,
        "cycleway:right": "track",
        "highway": "primary",
        "lanes": "2",
        "lit": "yes",
        "maxspeed": "30",
        "name": "Berliner Straße",
        "oneway": "yes",
        "ref": "B 7",
        "sidewalk": "right",
        "sidewalk:right:surface": "paving_stones",
        "smoothness": "good",
        "surface": "asphalt",
        "turn:lanes": "left;through|through;right"
      },
      "geometry": {
        "type": "LineString",
        "coordinates": [
          [
            7.220787,
            51.275258
          ],
          [
            7.2211627,
            51.275278
          ]
        ]
      }
    },
    {
      "type": "Feature",
      "properties": {
        "osmWayId": 477471480,
        "cycleway:right": "track",
        "highway": "primary",
        "lanes": "2",
        "lit": "yes",
        "maxspeed": "50",
        "name": "Berliner Straße",
        "name:etymology:wikidata": "Q64",
        "oneway": "yes",
        "ref": "B 7",
        "sidewalk": "right",
        "sidewalk:right:surface": "paving_stones",
        "surface": "asphalt"
      },
      "geometry": {
        "type": "LineString",
        "coordinates": [
          [
            7.211589,
            51.2741958
          ],
          [
            7.2119114,
            51.2742306
          ],
          [
            7.212542,
            51.2742986
          ]
        ]
      }
    },
    {
      "type": "Feature",
      "properties": {
        "osmWayId": 477471481,
        "cycleway:right": "track",
        "highway": "primary",
        "lanes": "2",
        "lit": "yes",
        "maxspeed": "50",
        "name": "Berliner Straße",
        "name:etymology:wikidata": "Q64",
        "oneway": "yes",
        "ref": "B 7",
        "sidewalk": "right",
        "sidewalk:right:surface": "paving_stones",
        "smoothness": "good",
        "surface": "asphalt"
      },
      "geometry": {
        "type": "LineString",
        "coordinates": [
          [
            7.2115033,
            51.2742674
          ],
          [
            7.2113064,
            51.2742437
          ],
          [
            7.210419,
            51.2741498
          ],
          [
            7.209528,
            51.2740575
          ],
          [
            7.2093421,
            51.2740241
          ],
          [
            7.2091893,
            51.2739839
          ],
          [
            7.2086184,
            51.2738273
          ],
          [
            7.2084225,
            51.2737689
          ]
        ]
      }
    },
    {
      "type": "Feature",
      "properties": {
        "osmWayId": 477903029,
        "cycleway:both": "no",
        "highway": "primary",
        "lanes": "4",
        "lanes:backward": "2",
        "lanes:forward": "2",
        "lit": "yes",
        "maxspeed": "50",
        "name": "Friedrich-Engels-Allee",
        "ref": "B 7",
        "sidewalk": "both",
        "sidewalk:both:surface": "paving_stones",
        "surface": "asphalt",
        "turn:lanes:forward": "left;through|through;right",
        "wikipedia": "de:Friedrich-Engels-Allee"
      },
      "geometry": {
        "type": "LineString",
        "coordinates": [
          [
            7.1811716,
            51.2642234
          ],
          [
            7.1814764,
            51.2643198
          ]
        ]
      }
    },
    {
      "type": "Feature",
      "properties": {
        "osmWayId": 477905025,
        "cycleway:both": "no",
        "highway": "primary",
        "lanes": "4",
        "lanes:backward": "2",
        "lanes:forward": "2",
        "lit": "yes",
        "maxspeed": "50",
        "name": "Friedrich-Engels-Allee",
        "ref": "B 7",
        "sidewalk": "both",
        "sidewalk:both:surface": "asphalt",
        "surface": "asphalt",
        "wikipedia": "de:Friedrich-Engels-Allee"
      },
      "geometry": {
        "type": "LineString",
        "coordinates": [
          [
            7.1740356,
            51.2619556
          ],
          [
            7.1740874,
            51.2619718
          ]
        ]
      }
    },
    {
      "type": "Feature",
      "properties": {
        "osmWayId": 495274937,
        "cycleway:both": "lane",
        "cycleway:both:lane": "advisory",
        "highway": "primary",
        "lanes": "5",
        "lanes:backward": "3",
        "lanes:forward": "2",
        "lit": "yes",
        "maxspeed": "50",
        "name": "Dahler Straße",
        "ref": "B 7",
        "sidewalk": "both",
        "surface": "asphalt",
        "turn:lanes:backward": "left|through|through"
      },
      "geometry": {
        "type": "LineString",
        "coordinates": [
          [
            7.2380244,
            51.27936
          ],
          [
            7.238064,
            51.2794089
          ]
        ]
      }
    },
    {
      "type": "Feature",
      "properties": {
        "osmWayId": 496365306,
        "cycleway:both": "no",
        "highway": "primary",
        "lanes": "2",
        "lit": "yes",
        "maxspeed": "50",
        "name": "Bundesallee",
        "oneway": "yes",
        "parking:left": "no",
        "parking:right": "separate",
        "ref": "B 7",
        "sidewalk": "right",
        "sidewalk:right:surface": "paving_stones",
        "surface": "asphalt"
      },
      "geometry": {
        "type": "LineString",
        "coordinates": [
          [
            7.1562263,
            51.2563024
          ],
          [
            7.1558847,
            51.256298
          ],
          [
            7.1557039,
            51.2562952
          ],
          [
            7.1553344,
            51.2562886
          ],
          [
            7.1551066,
            51.2562841
          ]
        ]
      }
    },
    {
      "type": "Feature",
      "properties": {
        "osmWayId": 496534819,
        "bicycle:lanes": "yes|yes|yes|yes",
        "bus:lanes": "yes|yes|yes|designated",
        "cycleway:right": "share_busway",
        "foot": "no",
        "highway": "primary",
        "lanes": "4",
        "lit": "yes",
        "maxspeed": "50",
        "name": "Bundesallee",
        "oneway": "yes",
        "ref": "B 7",
        "sidewalk": "no",
        "surface": "asphalt",
        "vehicle:lanes": "yes|yes|yes|no"
      },
      "geometry": {
        "type": "LineString",
        "coordinates": [
          [
            7.1362075,
            51.2536875
          ],
          [
            7.1359236,
            51.2536108
          ]
        ]
      }
    },
    {
      "type": "Feature",
      "properties": {
        "osmWayId": 498316729,
        "bus": "yes",
        "cycleway:left": "no",
        "cycleway:right": "separate",
        "foot": "no",
        "highway": "primary",
        "lanes": "4",
        "lit": "yes",
        "maxspeed": "50",
        "maxspeed:type": "DE:urban",
        "oneway": "yes",
        "parking:both": "no",
        "ref": "B 7",
        "shoulder": "no",
        "sidewalk": "no",
        "smoothness": "good",
        "surface": "asphalt",
        "turn:lanes": "left|left|through|through",
        "zone:traffic": "DE:urban"
      },
      "geometry": {
        "type": "LineString",
        "coordinates": [
          [
            7.1487796,
            51.2556051
          ],
          [
            7.1483605,
            51.2554744
          ]
        ]
      }
    },
    {
      "type": "Feature",
      "properties": {
        "osmWayId": 504297135,
        "cycleway:left": "no",
        "cycleway:right": "share_busway",
        "foot": "no",
        "highway": "primary",
        "lanes": "3",
        "lanes:psv": "1",
        "lit": "yes",
        "maxspeed": "50",
        "maxspeed:type": "DE:urban",
        "name": "Bundesallee",
        "oneway": "yes",
        "parking:both": "no",
        "psv:lanes": "yes|yes|designated",
        "ref": "B 7",
        "sidewalk": "no",
        "smoothness": "good",
        "surface": "asphalt",
        "zone:traffic": "DE:urban"
      },
      "geometry": {
        "type": "LineString",
        "coordinates": [
          [
            7.1467535,
            51.2550744
          ],
          [
            7.1466095,
            51.2550556
          ]
        ]
      }
    },
    {
      "type": "Feature",
      "properties": {
        "osmWayId": 506215525,
        "cycleway:both": "no",
        "emergency": "yes",
        "foot": "no",
        "highway": "primary",
        "lanes": "3",
        "layer": "1",
        "lit": "yes",
        "maxspeed": "50",
        "maxspeed:type": "DE:urban",
        "name": "Bundesallee",
        "oneway": "yes",
        "parking:both": "no",
        "psv": "yes",
        "ref": "B 7",
        "sidewalk": "no",
        "smoothness": "good",
        "surface": "asphalt",
        "turn:lanes": "through|through|through;right",
        "zone:traffic": "DE:urban"
      },
      "geometry": {
        "type": "LineString",
        "coordinates": [
          [
            7.1466003,
            51.2548848
          ],
          [
            7.1468039,
            51.25491
          ]
        ]
      }
    },
    {
      "type": "Feature",
      "properties": {
        "osmWayId": 529934861,
        "cycleway:right": "lane",
        "foot": "no",
        "highway": "primary",
        "lanes": "2",
        "lit": "yes",
        "maxspeed": "50",
        "name": "Friedrich-Ebert-Straße",
        "name:etymology:wikidata": "Q2646",
        "name:etymology:wikipedia": "de:Friedrich Ebert",
        "oneway": "yes",
        "ref": "B 7",
        "sidewalk": "no",
        "source:position": "Bing Aerial Map",
        "surface": "asphalt",
        "wikidata": "Q1457731",
        "wikipedia": "Friedrich-Ebert-Straße (Wuppertal)"
      },
      "geometry": {
        "type": "LineString",
        "coordinates": [
          [
            7.1330162,
            51.2529931
          ],
          [
            7.1327874,
            51.252982
          ],
          [
            7.1325329,
            51.2529705
          ],
          [
            7.132346,
            51.2529282
          ]
        ]
      }
    },
    {
      "type": "Feature",
      "properties": {
        "osmWayId": 529934862,
        "bus:lanes": "yes|yes|designated",
        "cycleway:right": "share_busway",
        "highway": "primary",
        "lanes": "3",
        "lit": "yes",
        "maxlength": "10",
        "maxspeed": "50",
        "name": "Bundesallee",
        "oneway": "yes",
        "ref": "B 7",
        "sidewalk": "right",
        "sidewalk:right:surface": "paving_stones",
        "source:position": "Bing Aerial Map",
        "surface": "asphalt",
        "vehicle:lanes": "yes|yes|no"
      },
      "geometry": {
        "type": "LineString",
        "coordinates": [
          [
            7.1344452,
            51.2530406
          ],
          [
            7.1350419,
            51.2531967
          ],
          [
            7.1353533,
            51.2532826
          ]
        ]
      }
    },
    {
      "type": "Feature",
      "properties": {
        "osmWayId": 529934863,
        "bus:lanes": "yes|yes|yes|designated|yes",
        "cycleway:right": "share_busway",
        "highway": "primary",
        "lanes": "5",
        "lit": "yes",
        "maxspeed": "50",
        "name": "Friedrich-Ebert-Straße",
        "name:etymology:wikidata": "Q2646",
        "name:etymology:wikipedia": "de:Friedrich Ebert",
        "oneway": "yes",
        "ref": "B 7",
        "sidewalk": "right",
        "sidewalk:right:surface": "paving_stones",
        "source:position": "Bing Aerial Map",
        "surface": "asphalt",
        "turn:lanes": "left|through|through|through|slight_right",
        "wikidata": "Q1457731",
        "wikipedia": "Friedrich-Ebert-Straße (Wuppertal)"
      },
      "geometry": {
        "type": "LineString",
        "coordinates": [
          [
            7.132346,
            51.2529282
          ],
          [
            7.1324551,
            51.2529026
          ],
          [
            7.1325469,
            51.252881
          ],
          [
            7.1329149,
            51.2528721
          ]
        ]
      }
    },
    {
      "type": "Feature",
      "properties": {
        "osmWayId": 529937872,
        "cycleway": "lane",
        "highway": "primary",
        "lanes": "3",
        "lanes:backward": "2",
        "lanes:forward": "1",
        "lit": "yes",
        "maxspeed": "50",
        "name": "Friedrich-Ebert-Straße",
        "name:etymology:wikidata": "Q2646",
        "name:etymology:wikipedia": "de:Friedrich Ebert",
        "postal_code": "42117",
        "ref": "B 7",
        "sidewalk": "both",
        "surface": "asphalt",
        "turn:lanes:backward": "left|through",
        "wikidata": "Q1457731",
        "wikipedia": "Friedrich-Ebert-Straße (Wuppertal)"
      },
      "geometry": {
        "type": "LineString",
        "coordinates": [
          [
            7.1317639,
            51.252742
          ],
          [
            7.1320407,
            51.2528505
          ],
          [
            7.1321816,
            51.2528924
          ],
          [
            7.132346,
            51.2529282
          ]
        ]
      }
    },
    {
      "type": "Feature",
      "properties": {
        "osmWayId": 535618589,
        "cycleway": "lane",
        "highway": "primary",
        "lanes": "2",
        "lit": "yes",
        "maxspeed": "50",
        "name": "Friedrich-Ebert-Straße",
        "name:etymology:wikidata": "Q2646",
        "name:etymology:wikipedia": "de:Friedrich Ebert",
        "postal_code": "42117",
        "ref": "B 7",
        "sidewalk": "both",
        "surface": "asphalt",
        "wikidata": "Q1457731",
        "wikipedia": "de:Friedrich-Ebert-Straße (Wuppertal)"
      },
      "geometry": {
        "type": "LineString",
        "coordinates": [
          [
            7.1288004,
            51.251369
          ],
          [
            7.1289376,
            51.2514311
          ],
          [
            7.1290427,
            51.25148
          ],
          [
            7.1292154,
            51.2515581
          ],
          [
            7.1292774,
            51.2515874
          ],
          [
            7.1294107,
            51.2516506
          ],
          [
            7.1296416,
            51.25176
          ],
          [
            7.129835,
            51.2518515
          ],
          [
            7.130182,
            51.2520143
          ]
        ]
      }
    },
    {
      "type": "Feature",
      "properties": {
        "osmWayId": 542842559,
        "destination:colour:lanes": "none;white;white;white|none;white;white;white|white;white",
        "destination:lanes": "Mettmann;Elberfeld;Schauspielhaus;Justizbehörden|Mettmann;Elberfeld;Schauspielhaus;Justizbehörden|Botanischer Garten;Junior Uni",
        "destination:ref:lanes": "B 7|B 7|none",
        "destination:ref:to:lanes": "none|none|A 46",
        "destination:symbol:to:lanes": "none|none|motorway",
        "highway": "primary",
        "lanes": "3",
        "lit": "yes",
        "maxspeed": "50",
        "name": "Friedrich-Engels-Allee",
        "oneway": "yes",
        "placement": "right_of:1",
        "ref": "B 7",
        "sidewalk": "right",
        "surface": "asphalt",
        "turn:lanes": "through|through|right",
        "wikipedia": "de:Friedrich-Engels-Allee",
        "zone:traffic": "DE:urban"
      },
      "geometry": {
        "type": "LineString",
        "coordinates": [
          [
            7.1833267,
            51.2650505
          ],
          [
            7.1832065,
            51.264998
          ],
          [
            7.1829634,
            51.2649185
          ],
          [
            7.1828968,
            51.2649011
          ],
          [
            7.1827462,
            51.264862
          ]
        ]
      }
    },
    {
      "type": "Feature",
      "properties": {
        "osmWayId": 543132398,
        "highway": "primary",
        "lanes": "2",
        "lit": "yes",
        "maxspeed": "50",
        "name": "Höhne",
        "oneway": "yes",
        "ref": "B 7",
        "sidewalk": "separate",
        "surface": "asphalt",
        "turn:lanes": "through|through;right"
      },
      "geometry": {
        "type": "LineString",
        "coordinates": [
          [
            7.2057977,
            51.2718148
          ],
          [
            7.205719,
            51.2717613
          ],
          [
            7.205637,
            51.271711
          ],
          [
            7.2055605,
            51.2716711
          ],
          [
            7.2054818,
            51.2716342
          ],
          [
            7.2053083,
            51.2715651
          ],
          [
            7.2052512,
            51.2715475
          ],
          [
            7.2051365,
            51.2715123
          ]
        ]
      }
    },
    {
      "type": "Feature",
      "properties": {
        "osmWayId": 543132399,
        "highway": "primary",
        "lanes": "2",
        "lit": "yes",
        "maxspeed": "50",
        "name": "Höhne",
        "oneway": "yes",
        "ref": "B 7",
        "sidewalk": "separate",
        "smoothness": "good",
        "surface": "asphalt"
      },
      "geometry": {
        "type": "LineString",
        "coordinates": [
          [
            7.2067449,
            51.2729841
          ],
          [
            7.2065892,
            51.2728453
          ],
          [
            7.2065162,
            51.2727712
          ],
          [
            7.2063967,
            51.2726395
          ],
          [
            7.2063418,
            51.2725569
          ],
          [
            7.2062866,
            51.2724671
          ],
          [
            7.206238,
            51.2723819
          ],
          [
            7.2061166,
            51.2721647
          ],
          [
            7.2060797,
            51.2721047
          ],
          [
            7.2060373,
            51.272044
          ],
          [
            7.2060069,
            51.2720087
          ],
          [
            7.2059634,
            51.2719598
          ],
          [
            7.2059128,
            51.2719115
          ],
          [
            7.2058686,
            51.2718744
          ],
          [
            7.2057977,
            51.2718148
          ]
        ]
      }
    },
    {
      "type": "Feature",
      "properties": {
        "osmWayId": 543132401,
        "cycleway:right": "no",
        "highway": "primary",
        "lanes": "2",
        "lit": "yes",
        "maxspeed": "50",
        "name": "Höhne",
        "oneway": "yes",
        "ref": "B 7",
        "sidewalk": "right",
        "sidewalk:right:surface": "paving_stones",
        "surface": "asphalt"
      },
      "geometry": {
        "type": "LineString",
        "coordinates": [
          [
            7.2054551,
            51.2715159
          ],
          [
            7.2055719,
            51.2715573
          ],
          [
            7.2056639,
            51.2716023
          ]
        ]
      }
    },
    {
      "type": "Feature",
      "properties": {
        "osmWayId": 543132402,
        "cycleway:right": "no",
        "highway": "primary",
        "lanes": "3",
        "lit": "yes",
        "maxspeed": "50",
        "name": "Höhne",
        "oneway": "yes",
        "placement": "right_of:2",
        "ref": "B 7",
        "sidewalk": "right",
        "sidewalk:right:surface": "paving_stones",
        "surface": "asphalt",
        "turn:lanes": "left|through|through"
      },
      "geometry": {
        "type": "LineString",
        "coordinates": [
          [
            7.2053866,
            51.271495
          ],
          [
            7.2054551,
            51.2715159
          ]
        ]
      }
    },
    {
      "type": "Feature",
      "properties": {
        "osmWayId": 551257854,
        "cycleway:both": "no",
        "highway": "primary",
        "lanes": "2",
        "lit": "yes",
        "maxspeed": "50",
        "name": "Friedrich-Engels-Allee",
        "oneway": "yes",
        "parking:left": "no",
        "parking:right": "on_kerb",
        "parking:right:orientation": "diagonal",
        "ref": "B 7",
        "sidewalk:left": "no",
        "sidewalk:right": "separate",
        "surface": "asphalt",
        "wikipedia": "de:Friedrich-Engels-Allee"
      },
      "geometry": {
        "type": "LineString",
        "coordinates": [
          [
            7.1677057,
            51.2591144
          ],
          [
            7.1678901,
            51.2592476
          ],
          [
            7.167984,
            51.2593154
          ],
          [
            7.1680377,
            51.2593542
          ],
          [
            7.169083,
            51.2601095
          ]
        ]
      }
    },
    {
      "type": "Feature",
      "properties": {
        "osmWayId": 583805638,
        "highway": "primary",
        "lanes": "2",
        "lit": "yes",
        "maxspeed": "50",
        "name": "Jesinghauser Straße",
        "oneway": "yes",
        "parking:lane:right": "no_stopping",
        "priority_road": "designated",
        "ref": "B 7",
        "sidewalk": "right",
        "sidewalk:right:surface": "paving_stones",
        "surface": "asphalt"
      },
      "geometry": {
        "type": "LineString",
        "coordinates": [
          [
            7.2492902,
            51.2816069
          ],
          [
            7.248973,
            51.2815809
          ]
        ]
      }
    },
    {
      "type": "Feature",
      "properties": {
        "osmWayId": 583867671,
        "destination:colour:lanes": "white|yellow;yellow;white|yellow;yellow;white;blue;yellow;white",
        "destination:lanes": "Langerfeld|Mettmann;Remscheid;Barmen|Mettmann;Remscheid;Barmen;;Hattingen;Nächstebreck",
        "destination:ref:to:lanes": "|B 7;;|B 7;;;A 46;;",
        "destination:symbol:lanes": "|;;|;;;motorway;;industrial",
        "highway": "primary",
        "lanes": "3",
        "lit": "yes",
        "maxspeed": "50",
        "name": "Jesinghauser Straße",
        "oneway": "yes",
        "parking:lane": "right",
        "parking:lane:right": "parallel",
        "parking:lane:right:capacity": "1",
        "parking:lane:right:capacity:disabled": "1",
        "parking:lane:right:parallel": "by_lay",
        "placement": "right_of:2",
        "priority_road": "designated",
        "ref": "B 7",
        "sidewalk": "right",
        "sidewalk:right:surface": "paving_stones",
        "surface": "asphalt",
        "turn:lanes": "left|through|through;right"
      },
      "geometry": {
        "type": "LineString",
        "coordinates": [
          [
            7.245683,
            51.2808999
          ],
          [
            7.2454874,
            51.2809501
          ],
          [
            7.2453252,
            51.2809763
          ]
        ]
      }
    },
    {
      "type": "Feature",
      "properties": {
        "osmWayId": 583867676,
        "highway": "primary",
        "lanes": "2",
        "lit": "yes",
        "maxspeed": "50",
        "name": "Jesinghauser Straße",
        "oneway": "yes",
        "parking:lane": "right",
        "parking:lane:right": "parallel",
        "parking:lane:right:parallel": "lay_by",
        "priority_road": "designated",
        "ref": "B 7",
        "sidewalk": "right",
        "sidewalk:right:surface": "paving_stones",
        "surface": "asphalt"
      },
      "geometry": {
        "type": "LineString",
        "coordinates": [
          [
            7.248973,
            51.2815809
          ],
          [
            7.2485948,
            51.2814886
          ],
          [
            7.2484888,
            51.281445
          ],
          [
            7.2484183,
            51.2813963
          ]
        ]
      }
    },
    {
      "type": "Feature",
      "properties": {
        "osmWayId": 583867680,
        "highway": "primary",
        "lanes": "2",
        "lit": "yes",
        "maxspeed": "50",
        "name": "Jesinghauser Straße",
        "oneway": "yes",
        "parking:lane": "right",
        "parking:lane:right": "parallel",
        "parking:lane:right:parallel": "by_lay",
        "priority_road": "designated",
        "ref": "B 7",
        "sidewalk": "right",
        "sidewalk:right:surface": "paving_stones",
        "surface": "asphalt"
      },
      "geometry": {
        "type": "LineString",
        "coordinates": [
          [
            7.2484183,
            51.2813963
          ],
          [
            7.2485384,
            51.2813955
          ],
          [
            7.2486484,
            51.2814115
          ],
          [
            7.24904,
            51.2814996
          ],
          [
            7.2492902,
            51.2816069
          ]
        ]
      }
    },
    {
      "type": "Feature",
      "properties": {
        "osmWayId": 586117540,
        "cycleway:right": "shared_lane",
        "cycleway:right:lane": "dashed",
        "highway": "primary",
        "lanes": "2",
        "lit": "yes",
        "maxspeed": "50",
        "name": "Jesinghauser Straße",
        "oneway": "yes",
        "priority_road": "designated",
        "ref": "B 7",
        "sidewalk": "right",
        "sidewalk:right:surface": "paving_stones",
        "surface": "asphalt"
      },
      "geometry": {
        "type": "LineString",
        "coordinates": [
          [
            7.2446802,
            51.2808772
          ],
          [
            7.2449266,
            51.2808632
          ]
        ]
      }
    },
    {
      "type": "Feature",
      "properties": {
        "osmWayId": 586117541,
        "highway": "primary",
        "lanes": "2",
        "lit": "yes",
        "maxspeed": "50",
        "name": "Jesinghauser Straße",
        "oneway": "yes",
        "priority_road": "designated",
        "ref": "B 7",
        "sidewalk": "right",
        "sidewalk:right:surface": "paving_stones",
        "surface": "asphalt"
      },
      "geometry": {
        "type": "LineString",
        "coordinates": [
          [
            7.2449266,
            51.2808632
          ],
          [
            7.245394,
            51.2808552
          ],
          [
            7.2455572,
            51.2808721
          ],
          [
            7.245683,
            51.2808999
          ]
        ]
      }
    },
    {
      "type": "Feature",
      "properties": {
        "osmWayId": 591891535,
        "cycleway:right": "track",
        "highway": "primary",
        "lanes": "2",
        "lit": "yes",
        "maxspeed": "30",
        "name": "Berliner Straße",
        "oneway": "yes",
        "parking:left": "no",
        "parking:right": "street_side",
        "parking:right:orientation": "parallel",
        "ref": "B 7",
        "sidewalk": "right",
        "sidewalk:right:surface": "paving_stones",
        "smoothness": "good",
        "surface": "asphalt"
      },
      "geometry": {
        "type": "LineString",
        "coordinates": [
          [
            7.2178903,
            51.2750852
          ],
          [
            7.2182742,
            51.2751125
          ]
        ]
      }
    },
    {
      "type": "Feature",
      "properties": {
        "osmWayId": 620156268,
        "cycleway:both": "no",
        "highway": "primary",
        "lanes": "2",
        "lit": "yes",
        "maxspeed": "50",
        "name": "Düsseldorfer Straße",
        "oneway": "yes",
        "ref": "B 7",
        "sidewalk:left": "no",
        "sidewalk:right": "separate",
        "surface": "asphalt"
      },
      "geometry": {
        "type": "LineString",
        "coordinates": [
          [
            7.1019498,
            51.2543002
          ],
          [
            7.101916,
            51.2543348
          ],
          [
            7.1018939,
            51.2543575
          ],
          [
            7.1018469,
            51.254371
          ],
          [
            7.1017933,
            51.2543844
          ]
        ]
      }
    },
    {
      "type": "Feature",
      "properties": {
        "osmWayId": 648515528,
        "cycleway:both": "no",
        "foot": "no",
        "highway": "primary",
        "lanes": "3",
        "lit": "yes",
        "maxspeed": "50",
        "maxspeed:type": "DE:urban",
        "name": "Bundesallee",
        "oneway": "yes",
        "parking:both": "no",
        "ref": "B 7",
        "sidewalk": "no",
        "smoothness": "good",
        "surface": "asphalt",
        "turn:lanes": "through|through|through",
        "zone:traffic": "DE:urban"
      },
      "geometry": {
        "type": "LineString",
        "coordinates": [
          [
            7.1468039,
            51.25491
          ],
          [
            7.1469185,
            51.254932
          ]
        ]
      }
    },
    {
      "type": "Feature",
      "properties": {
        "osmWayId": 660538913,
        "cycleway:right": "no",
        "highway": "primary",
        "lanes": "2",
        "lit": "yes",
        "maxspeed": "50",
        "name": "Friedrich-Engels-Allee",
        "oneway": "yes",
        "ref": "B 7",
        "sidewalk": "right",
        "surface": "asphalt",
        "turn:lanes": "through|through;right",
        "wikipedia": "de:Friedrich-Engels-Allee",
        "zone:traffic": "DE:urban"
      },
      "geometry": {
        "type": "LineString",
        "coordinates": [
          [
            7.1853765,
            51.2656866
          ],
          [
            7.1844202,
            51.265405
          ],
          [
            7.1834834,
            51.2651137
          ],
          [
            7.1833267,
            51.2650505
          ]
        ]
      }
    },
    {
      "type": "Feature",
      "properties": {
        "osmWayId": 666559889,
        "alt_name": "Einschienige Hängebahn System Eugen Langen",
        "bridge": "yes",
        "electrified": "rail",
        "frequency": "0",
        "indoor": "yes",
        "layer": "5",
        "level": "2",
        "monorail": "hanging",
        "name": "Schwebebahn",
        "oneway": "yes",
        "railway": "monorail",
        "railway:etcs": "2",
        "railway:radio": "TETRA",
        "voltage": "750"
      },
      "geometry": {
        "type": "LineString",
        "coordinates": [
          [
            7.2222882,
            51.2747531
          ],
          [
            7.2221811,
            51.2747434
          ],
          [
            7.2219761,
            51.274723
          ],
          [
            7.2219609,
            51.2747215
          ]
        ]
      }
    },
    {
      "type": "Feature",
      "properties": {
        "osmWayId": 666559890,
        "alt_name": "Einschienige Hängebahn System Eugen Langen",
        "bridge": "yes",
        "electrified": "rail",
        "frequency": "0",
        "indoor": "yes",
        "layer": "5",
        "level": "2",
        "monorail": "hanging",
        "name": "Schwebebahn",
        "oneway": "yes",
        "railway": "monorail",
        "railway:etcs": "2",
        "railway:radio": "TETRA",
        "voltage": "750"
      },
      "geometry": {
        "type": "LineString",
        "coordinates": [
          [
            7.2219629,
            51.2747038
          ],
          [
            7.222091,
            51.2747098
          ],
          [
            7.2221887,
            51.2747117
          ],
          [
            7.2222903,
            51.2747097
          ]
        ]
      }
    },
    {
      "type": "Feature",
      "properties": {
        "osmWayId": 785519905,
        "check_date:lit": "2025-12-09",
        "highway": "primary",
        "lanes": "4",
        "lit": "yes",
        "maxspeed": "30",
        "name": "Berliner Straße",
        "oneway": "yes",
        "ref": "B 7",
        "sidewalk:left": "no",
        "sidewalk:right": "separate",
        "surface": "asphalt",
        "turn:lanes": "left|through|through|right"
      },
      "geometry": {
        "type": "LineString",
        "coordinates": [
          [
            7.22346,
            51.2753863
          ],
          [
            7.2231642,
            51.2754229
          ]
        ]
      }
    },
    {
      "type": "Feature",
      "properties": {
        "osmWayId": 863557156,
        "cycleway:both": "no",
        "highway": "primary",
        "lanes": "4",
        "lanes:backward": "2",
        "lanes:forward": "2",
        "lit": "yes",
        "maxspeed": "50",
        "name": "Friedrich-Engels-Allee",
        "ref": "B 7",
        "sidewalk": "both",
        "sidewalk:both:surface": "paving_stones",
        "surface": "asphalt",
        "wikipedia": "de:Friedrich-Engels-Allee"
      },
      "geometry": {
        "type": "LineString",
        "coordinates": [
          [
            7.178181,
            51.2632756
          ],
          [
            7.1782564,
            51.2633
          ]
        ]
      }
    },
    {
      "type": "Feature",
      "properties": {
        "osmWayId": 863557157,
        "cycleway:both": "no",
        "highway": "primary",
        "lanes": "4",
        "lanes:backward": "2",
        "lanes:forward": "2",
        "lit": "yes",
        "maxspeed": "50",
        "name": "Friedrich-Engels-Allee",
        "ref": "B 7",
        "sidewalk": "both",
        "sidewalk:both:surface": "paving_stones",
        "smoothness": "good",
        "surface": "asphalt",
        "wikipedia": "de:Friedrich-Engels-Allee"
      },
      "geometry": {
        "type": "LineString",
        "coordinates": [
          [
            7.1782564,
            51.2633
          ],
          [
            7.1788468,
            51.2634858
          ],
          [
            7.1794195,
            51.2636677
          ],
          [
            7.1795431,
            51.2637049
          ],
          [
            7.1797928,
            51.2637872
          ]
        ]
      }
    },
    {
      "type": "Feature",
      "properties": {
        "osmWayId": 943794996,
        "cycleway:right": "lane",
        "highway": "primary",
        "lanes": "2",
        "lit": "yes",
        "maxspeed": "50",
        "name": "Düsseldorfer Straße",
        "oneway": "yes",
        "ref": "B 7",
        "sidewalk:left": "no",
        "sidewalk:right": "separate",
        "surface": "asphalt"
      },
      "geometry": {
        "type": "LineString",
        "coordinates": [
          [
            7.1041382,
            51.2537455
          ],
          [
            7.1040863,
            51.2537596
          ],
          [
            7.1039446,
            51.2537946
          ],
          [
            7.10383,
            51.2538202
          ]
        ]
      }
    },
    {
      "type": "Feature",
      "properties": {
        "osmWayId": 958118237,
        "bus:lanes": "yes|yes|designated",
        "cycleway:right": "share_busway",
        "highway": "primary",
        "lanes": "3",
        "lit": "yes",
        "maxlength": "10",
        "maxspeed": "50",
        "name": "Bundesallee",
        "oneway": "yes",
        "ref": "B 7",
        "sidewalk": "right",
        "surface": "asphalt",
        "turn:lanes": "left|through|through"
      },
      "geometry": {
        "type": "LineString",
        "coordinates": [
          [
            7.1396595,
            51.2544211
          ],
          [
            7.1399106,
            51.2544652
          ],
          [
            7.1401169,
            51.2544904
          ],
          [
            7.1403273,
            51.2545106
          ],
          [
            7.1404768,
            51.2545209
          ],
          [
            7.14061,
            51.2545312
          ],
          [
            7.1408195,
            51.2545436
          ]
        ]
      }
    },
    {
      "type": "Feature",
      "properties": {
        "osmWayId": 958819466,
        "bicycle:lanes": "yes|yes|yes",
        "bus:lanes": "yes|yes|designated",
        "cycleway:right": "share_busway",
        "foot": "use_sidepath",
        "highway": "primary",
        "lanes": "3",
        "lit": "yes",
        "maxspeed": "50",
        "name": "Bundesallee",
        "oneway": "yes",
        "ref": "B 7",
        "sidewalk": "no",
        "surface": "asphalt",
        "taxi:lanes": "yes|yes|yes",
        "vehicle:lanes": "yes|yes|no"
      },
      "geometry": {
        "type": "LineString",
        "coordinates": [
          [
            7.1405224,
            51.2546311
          ],
          [
            7.1404118,
            51.2546212
          ],
          [
            7.1402704,
            51.2546077
          ],
          [
            7.1400833,
            51.2545867
          ],
          [
            7.1399208,
            51.2545663
          ],
          [
            7.1397365,
            51.2545359
          ],
          [
            7.139606,
            51.2545131
          ]
        ]
      }
    },
    {
      "type": "Feature",
      "properties": {
        "osmWayId": 959880935,
        "cycleway:both": "no",
        "highway": "primary",
        "lanes": "4",
        "lanes:backward": "2",
        "lanes:forward": "2",
        "lit": "yes",
        "maxspeed": "50",
        "name": "Düsseldorfer Straße",
        "ref": "B 7",
        "sidewalk": "both",
        "surface": "asphalt",
        "turn:lanes:forward": "through|through;right"
      },
      "geometry": {
        "type": "LineString",
        "coordinates": [
          [
            7.1011617,
            51.2545334
          ],
          [
            7.1014967,
            51.2544334
          ]
        ]
      }
    },
    {
      "type": "Feature",
      "properties": {
        "osmWayId": 959880938,
        "cycleway:both": "no",
        "highway": "primary",
        "lanes": "3",
        "lanes:backward": "2",
        "lanes:forward": "1",
        "lit": "yes",
        "maxspeed": "50",
        "name": "Düsseldorfer Straße",
        "oneway": "no",
        "ref": "B 7",
        "sidewalk:left": "no",
        "sidewalk:right": "separate",
        "surface": "asphalt",
        "turn:lanes:backward": "through|through;right"
      },
      "geometry": {
        "type": "LineString",
        "coordinates": [
          [
            7.1018871,
            51.2542984
          ],
          [
            7.1019498,
            51.2543002
          ]
        ]
      }
    },
    {
      "type": "Feature",
      "properties": {
        "osmWayId": 969210788,
        "cycleway:right": "no",
        "foot": "no",
        "highway": "primary",
        "lanes": "2",
        "lit": "yes",
        "maxspeed": "50",
        "name": "Friedrich-Engels-Allee",
        "oneway": "yes",
        "ref": "B 7",
        "sidewalk:left": "no",
        "sidewalk:right": "separate",
        "surface": "asphalt",
        "wikipedia": "de:Friedrich-Engels-Allee",
        "zone:traffic": "DE:urban"
      },
      "geometry": {
        "type": "LineString",
        "coordinates": [
          [
            7.163663,
            51.2570487
          ],
          [
            7.1638178,
            51.2571058
          ]
        ]
      }
    },
    {
      "type": "Feature",
      "properties": {
        "osmWayId": 969210789,
        "cycleway:both": "no",
        "highway": "primary",
        "lanes": "2",
        "lit": "yes",
        "maxspeed": "50",
        "name": "Düsseldorfer Straße",
        "oneway": "yes",
        "ref": "B 7",
        "sidewalk": "right",
        "sidewalk:right:surface": "paving_stones",
        "surface": "asphalt",
        "turn:lanes": "through|through;right"
      },
      "geometry": {
        "type": "LineString",
        "coordinates": [
          [
            7.1014967,
            51.2544334
          ],
          [
            7.1015742,
            51.2543736
          ],
          [
            7.101707,
            51.2543343
          ],
          [
            7.1017534,
            51.2543217
          ]
        ]
      }
    },
    {
      "type": "Feature",
      "properties": {
        "osmWayId": 979430761,
        "check_date:lit": "2025-12-09",
        "highway": "primary",
        "lanes": "2",
        "lit": "yes",
        "maxspeed": "30",
        "name": "Berliner Straße",
        "oneway": "yes",
        "ref": "B 7",
        "sidewalk:left": "no",
        "sidewalk:right": "separate",
        "surface": "asphalt"
      },
      "geometry": {
        "type": "LineString",
        "coordinates": [
          [
            7.2231642,
            51.2754229
          ],
          [
            7.2229528,
            51.2754368
          ],
          [
            7.2228002,
            51.2754382
          ]
        ]
      }
    },
    {
      "type": "Feature",
      "properties": {
        "osmWayId": 979430762,
        "check_date:lit": "2025-12-09",
        "cycleway:right": "track",
        "foot": "use_sidepath",
        "highway": "primary",
        "lanes": "2",
        "lit": "yes",
        "maxspeed": "30",
        "name": "Berliner Straße",
        "oneway": "yes",
        "ref": "B 7",
        "sidewalk:left": "no",
        "sidewalk:right": "separate",
        "surface": "asphalt"
      },
      "geometry": {
        "type": "LineString",
        "coordinates": [
          [
            7.2230805,
            51.2753334
          ],
          [
            7.2232733,
            51.2753093
          ],
          [
            7.2234079,
            51.275283
          ],
          [
            7.2240054,
            51.2751829
          ]
        ]
      }
    },
    {
      "type": "Feature",
      "properties": {
        "osmWayId": 980732962,
        "cycleway:both": "no",
        "highway": "primary",
        "lanes": "2",
        "lit": "yes",
        "maxspeed": "50",
        "name": "Höhne",
        "oneway": "yes",
        "ref": "B 7",
        "sidewalk:left": "no",
        "sidewalk:right": "separate",
        "smoothness": "good",
        "surface": "asphalt"
      },
      "geometry": {
        "type": "LineString",
        "coordinates": [
          [
            7.2002433,
            51.270174
          ],
          [
            7.2003571,
            51.2701961
          ],
          [
            7.2004904,
            51.2702258
          ],
          [
            7.2008024,
            51.2702996
          ],
          [
            7.2013089,
            51.2704287
          ],
          [
            7.2019106,
            51.270581
          ],
          [
            7.202438,
            51.270714
          ],
          [
            7.2036159,
            51.2710136
          ]
        ]
      }
    },
    {
      "type": "Feature",
      "properties": {
        "osmWayId": 982263182,
        "cycleway:right": "track",
        "highway": "primary",
        "lanes": "2",
        "lit": "yes",
        "maxspeed": "50",
        "name": "Berliner Straße",
        "name:etymology:wikidata": "Q64",
        "oneway": "yes",
        "ref": "B 7",
        "sidewalk": "right",
        "sidewalk:right:surface": "paving_stones",
        "smoothness": "good",
        "surface": "asphalt"
      },
      "geometry": {
        "type": "LineString",
        "coordinates": [
          [
            7.2138107,
            51.2744727
          ],
          [
            7.2134041,
            51.2744382
          ]
        ]
      }
    },
    {
      "type": "Feature",
      "properties": {
        "osmWayId": 1013069418,
        "cycleway:both": "no",
        "foot": "no",
        "highway": "primary",
        "lanes": "2",
        "lit": "yes",
        "maxspeed": "50",
        "name": "Friedrich-Engels-Allee",
        "oneway": "yes",
        "ref": "B 7",
        "sidewalk:left": "no",
        "sidewalk:right": "separate",
        "surface": "asphalt",
        "wikipedia": "de:Friedrich-Engels-Allee",
        "zone:traffic": "DE:urban"
      },
      "geometry": {
        "type": "LineString",
        "coordinates": [
          [
            7.1671658,
            51.2587009
          ],
          [
            7.167362,
            51.2588627
          ],
          [
            7.1674955,
            51.2589625
          ]
        ]
      }
    },
    {
      "type": "Feature",
      "properties": {
        "osmWayId": 1014968856,
        "cycleway:both": "no",
        "highway": "primary",
        "lanes": "3",
        "lit": "yes",
        "maxspeed": "50",
        "name": "Friedrich-Engels-Allee",
        "oneway": "yes",
        "ref": "B 7",
        "sidewalk": "right",
        "surface": "asphalt",
        "wikipedia": "de:Friedrich-Engels-Allee",
        "zone:traffic": "DE:urban"
      },
      "geometry": {
        "type": "LineString",
        "coordinates": [
          [
            7.1662703,
            51.2583107
          ],
          [
            7.1662274,
            51.2582831
          ],
          [
            7.1660414,
            51.2581732
          ]
        ]
      }
    },
    {
      "type": "Feature",
      "properties": {
        "osmWayId": 1037398243,
        "highway": "primary",
        "lanes": "3",
        "lit": "yes",
        "maxspeed": "50",
        "name": "Friedrich-Ebert-Straße",
        "name:etymology:wikidata": "Q2646",
        "name:etymology:wikipedia": "de:Friedrich Ebert",
        "ref": "B 7",
        "sidewalk": "both",
        "sidewalk:both:surface": "paving_stones",
        "surface": "asphalt",
        "wikidata": "Q1457731",
        "wikipedia": "Friedrich-Ebert-Straße (Wuppertal)"
      },
      "geometry": {
        "type": "LineString",
        "coordinates": [
          [
            7.106597,
            51.2465903
          ],
          [
            7.1066661,
            51.2466465
          ]
        ]
      }
    },
    {
      "type": "Feature",
      "properties": {
        "osmWayId": 1070060189,
        "cycleway:right": "no",
        "foot": "no",
        "highway": "primary",
        "lanes": "2",
        "maxspeed": "50",
        "name": "Bundesallee",
        "oneway": "yes",
        "ref": "B 7",
        "sidewalk": "no",
        "surface": "asphalt",
        "turn:lanes": "through|through"
      },
      "geometry": {
        "type": "LineString",
        "coordinates": [
          [
            7.1418801,
            51.2547184
          ],
          [
            7.1416234,
            51.2546976
          ]
        ]
      }
    },
    {
      "type": "Feature",
      "properties": {
        "osmWayId": 1071856871,
        "bus:lanes": "yes|yes|designated|yes",
        "cycleway:right": "share_busway",
        "highway": "primary",
        "lanes": "4",
        "lit": "yes",
        "maxspeed": "50",
        "name": "Robert-Daum-Platz",
        "name:etymology:wikidata": "Q2646",
        "name:etymology:wikipedia": "de:Friedrich Ebert",
        "oneway": "yes",
        "ref": "B 7",
        "sidewalk": "right",
        "sidewalk:right:surface": "paving_stones",
        "source:position": "Bing Aerial Map",
        "surface": "asphalt",
        "turn:lanes": "through|through|through|slight_right",
        "wikipedia": "Robert-Daum-Platz"
      },
      "geometry": {
        "type": "LineString",
        "coordinates": [
          [
            7.1329149,
            51.2528721
          ],
          [
            7.1332856,
            51.2528624
          ],
          [
            7.1335161,
            51.2528637
          ]
        ]
      }
    },
    {
      "type": "Feature",
      "properties": {
        "osmWayId": 1156079597,
        "cycleway:left": "no",
        "cycleway:right": "track",
        "highway": "primary",
        "lanes": "2",
        "lit": "yes",
        "maxspeed": "30",
        "name": "Berliner Straße",
        "oneway": "yes",
        "parking:left": "no",
        "parking:right": "street_side",
        "parking:right:orientation": "parallel",
        "ref": "B 7",
        "sidewalk": "right",
        "sidewalk:right:surface": "paving_stones",
        "surface": "asphalt"
      },
      "geometry": {
        "type": "LineString",
        "coordinates": [
          [
            7.2213145,
            51.2753601
          ],
          [
            7.2211535,
            51.2753516
          ],
          [
            7.2199634,
            51.2752842
          ]
        ]
      }
    },
    {
      "type": "Feature",
      "properties": {
        "osmWayId": 1192928673,
        "cycleway:both": "no",
        "highway": "primary",
        "lanes": "3",
        "lit": "yes",
        "maxspeed": "50",
        "name": "Bundesallee",
        "oneway": "yes",
        "pvs": "yes",
        "ref": "B 7",
        "sidewalk:left": "no",
        "sidewalk:right": "separate",
        "surface": "asphalt",
        "vehicle:lanes": "yes|yes|no"
      },
      "geometry": {
        "type": "LineString",
        "coordinates": [
          [
            7.1444066,
            51.2546708
          ],
          [
            7.1445352,
            51.2546789
          ]
        ]
      }
    },
    {
      "type": "Feature",
      "properties": {
        "osmWayId": 1192929173,
        "cycleway:both": "no",
        "foot": "no",
        "highway": "primary",
        "lanes": "3",
        "lit": "yes",
        "maxheight": "default",
        "maxspeed": "50",
        "name": "Bundesallee",
        "oneway": "yes",
        "ref": "B 7",
        "shoulder": "no",
        "sidewalk:left": "no",
        "sidewalk:right": "separate",
        "surface": "asphalt",
        "turn:lanes": "through|through|through;right"
      },
      "geometry": {
        "type": "LineString",
        "coordinates": [
          [
            7.1445352,
            51.2546789
          ],
          [
            7.1447324,
            51.2546909
          ]
        ]
      }
    },
    {
      "type": "Feature",
      "properties": {
        "osmWayId": 1192936076,
        "cycleway:left": "no",
        "cycleway:right": "separate",
        "highway": "primary",
        "lanes": "3",
        "lit": "yes",
        "maxspeed": "50",
        "maxspeed:type": "DE:urban",
        "name": "Bundesallee",
        "oneway": "yes",
        "parking:both": "no",
        "ref": "B 7",
        "sidewalk:left": "no",
        "sidewalk:right": "separate",
        "smoothness": "good",
        "surface": "asphalt",
        "zone:traffic": "DE:urban"
      },
      "geometry": {
        "type": "LineString",
        "coordinates": [
          [
            7.1504621,
            51.2561413
          ],
          [
            7.1503927,
            51.2561194
          ]
        ]
      }
    },
    {
      "type": "Feature",
      "properties": {
        "osmWayId": 1192936096,
        "check_date:cycleway": "2023-07-28",
        "cycleway:left": "no",
        "cycleway:right": "separate",
        "foot": "no",
        "highway": "primary",
        "lanes": "5",
        "lit": "yes",
        "maxspeed": "50",
        "maxspeed:type": "DE:urban",
        "name": "Bundesallee",
        "oneway": "yes",
        "parking:both": "no",
        "ref": "B 7",
        "sidewalk:left": "no",
        "sidewalk:right": "separate",
        "smoothness": "good",
        "surface": "asphalt",
        "traffic_sign": "DE:259",
        "turn:lanes": "left|left|through|through|right",
        "zone:traffic": "DE:urban"
      },
      "geometry": {
        "type": "LineString",
        "coordinates": [
          [
            7.1505788,
            51.2559989
          ],
          [
            7.1507635,
            51.2560584
          ]
        ]
      }
    },
    {
      "type": "Feature",
      "properties": {
        "osmWayId": 1192936137,
        "cycleway:both": "no",
        "highway": "primary",
        "lanes": "3",
        "lit": "yes",
        "maxspeed": "50",
        "name": "Bundesallee",
        "oneway": "yes",
        "ref": "B 7",
        "sidewalk": "right",
        "surface": "asphalt"
      },
      "geometry": {
        "type": "LineString",
        "coordinates": [
          [
            7.1534372,
            51.2562981
          ],
          [
            7.1532603,
            51.2562935
          ]
        ]
      }
    },
    {
      "type": "Feature",
      "properties": {
        "osmWayId": 1192936234,
        "cycleway:left": "no",
        "cycleway:right": "lane",
        "cycleway:right:lane": "exclusive",
        "highway": "primary",
        "lanes": "2",
        "lit": "yes",
        "maxspeed": "50",
        "name": "Bundesallee",
        "oneway": "yes",
        "ref": "B 7",
        "sidewalk": "right",
        "surface": "asphalt"
      },
      "geometry": {
        "type": "LineString",
        "coordinates": [
          [
            7.1531231,
            51.2561743
          ],
          [
            7.1533634,
            51.2561719
          ]
        ]
      }
    },
    {
      "type": "Feature",
      "properties": {
        "osmWayId": 1192936309,
        "cycleway:left": "no",
        "cycleway:right": "separate",
        "highway": "primary",
        "lanes": "2",
        "lit": "yes",
        "maxspeed": "50",
        "name": "Bundesallee",
        "oneway": "yes",
        "ref": "B 7",
        "sidewalk": "right",
        "surface": "asphalt"
      },
      "geometry": {
        "type": "LineString",
        "coordinates": [
          [
            7.1535405,
            51.2561702
          ],
          [
            7.153575,
            51.2561699
          ]
        ]
      }
    },
    {
      "type": "Feature",
      "properties": {
        "osmWayId": 1192940712,
        "cycleway:left": "no",
        "cycleway:right": "lane",
        "cycleway:right:lane": "advisory",
        "highway": "primary",
        "lanes": "2",
        "lit": "yes",
        "maxspeed": "50",
        "name": "Bundesallee",
        "oneway": "yes",
        "ref": "B 7",
        "sidewalk": "right",
        "surface": "asphalt"
      },
      "geometry": {
        "type": "LineString",
        "coordinates": [
          [
            7.1533634,
            51.2561719
          ],
          [
            7.1535405,
            51.2561702
          ]
        ]
      }
    },
    {
      "type": "Feature",
      "properties": {
        "osmWayId": 1192944518,
        "cycleway:both": "no",
        "highway": "primary",
        "lanes": "2",
        "lit": "yes",
        "maxspeed": "50",
        "maxspeed:type": "DE:urban",
        "name": "Friedrich-Engels-Allee",
        "oneway": "yes",
        "parking:left": "no",
        "parking:right": "street_side",
        "parking:right:fee": "no",
        "parking:right:maxstay:conditional": "2 hours @ (Mo-Fr 10:00-18:00; Sa 10:00-14:00)",
        "parking:right:orientation": "parallel",
        "ref": "B 7",
        "sidewalk": "right",
        "surface": "asphalt",
        "wikipedia": "de:Friedrich-Engels-Allee",
        "zone:traffic": "DE:urban"
      },
      "geometry": {
        "type": "LineString",
        "coordinates": [
          [
            7.1613676,
            51.2564082
          ],
          [
            7.1612298,
            51.2563774
          ],
          [
            7.1607035,
            51.2562763
          ],
          [
            7.1604786,
            51.2562378
          ],
          [
            7.1600398,
            51.2561842
          ]
        ]
      }
    },
    {
      "type": "Feature",
      "properties": {
        "osmWayId": 1256777524,
        "cycleway:right": "no",
        "foot": "no",
        "highway": "primary",
        "lanes": "2",
        "lit": "yes",
        "maxspeed": "50",
        "name": "Friedrich-Engels-Allee",
        "oneway": "yes",
        "ref": "B 7",
        "sidewalk:left": "no",
        "sidewalk:right": "separate",
        "surface": "asphalt",
        "wikipedia": "de:Friedrich-Engels-Allee",
        "zone:traffic": "DE:urban"
      },
      "geometry": {
        "type": "LineString",
        "coordinates": [
          [
            7.1638178,
            51.2571058
          ],
          [
            7.1639673,
            51.2571588
          ]
        ]
      }
    },
    {
      "type": "Feature",
      "properties": {
        "osmWayId": 1256777525,
        "cycleway:both": "no",
        "highway": "primary",
        "lanes": "3",
        "lit": "yes",
        "maxspeed": "50",
        "name": "Friedrich-Engels-Allee",
        "oneway": "yes",
        "ref": "B 7",
        "sidewalk:left": "no",
        "sidewalk:right": "separate",
        "surface": "asphalt",
        "turn:lanes": "through|through|right",
        "wikipedia": "de:Friedrich-Engels-Allee",
        "zone:traffic": "DE:urban"
      },
      "geometry": {
        "type": "LineString",
        "coordinates": [
          [
            7.1634957,
            51.2569869
          ],
          [
            7.163663,
            51.2570487
          ]
        ]
      }
    },
    {
      "type": "Feature",
      "properties": {
        "osmWayId": 1258924643,
        "cycleway:both": "no",
        "highway": "primary",
        "lanes": "2",
        "lit": "yes",
        "maxspeed": "50",
        "name": "Düsseldorfer Straße",
        "oneway": "yes",
        "ref": "B 7",
        "sidewalk:left": "no",
        "sidewalk:right": "separate",
        "surface": "asphalt",
        "turn:lanes": "through|through;right"
      },
      "geometry": {
        "type": "LineString",
        "coordinates": [
          [
            7.1017534,
            51.2543217
          ],
          [
            7.1018359,
            51.2543004
          ],
          [
            7.1018871,
            51.2542984
          ]
        ]
      }
    },
    {
      "type": "Feature",
      "properties": {
        "osmWayId": 1258924644,
        "cycleway:both": "no",
        "highway": "primary",
        "lanes": "2",
        "lit": "yes",
        "maxspeed": "50",
        "name": "Düsseldorfer Straße",
        "oneway": "yes",
        "ref": "B 7",
        "sidewalk": "right",
        "sidewalk:right:surface": "paving_stones",
        "surface": "asphalt"
      },
      "geometry": {
        "type": "LineString",
        "coordinates": [
          [
            7.1017933,
            51.2543844
          ],
          [
            7.101624,
            51.2544322
          ],
          [
            7.1014967,
            51.2544334
          ]
        ]
      }
    },
    {
      "type": "Feature",
      "properties": {
        "osmWayId": 1259587005,
        "cycleway:both": "no",
        "destination:colour:lanes": "white;white|white;white|none;none|none;none|none;white;white",
        "destination:lanes": "Rathaus;Krankenhäuser|Rathaus;Krankenhäuser|Hagen;Schwelm|Hagen;Schwelm|Remscheid;Ronsdorf;Heckinghausen",
        "destination:ref:lanes": "none;none|none;none|B 7|B 7|none",
        "destination:ref:to:lanes": "A 46;A 46|A 46;A 46|none|none|none",
        "destination:symbol:lanes": "none;hospital|none;hospital|none;none|none;none|none;none;none",
        "destination:symbol:to:lanes": "motorway;motorway|motorway;motorway|none|none|none",
        "destination:to:lanes": "Düsseldorf;Dortmund|Düsseldorf;Dortmund|none|none|none",
        "highway": "primary",
        "lanes": "5",
        "lit": "yes",
        "maxspeed": "50",
        "name": "Friedrich-Engels-Allee",
        "oneway": "yes",
        "placement": "right_of:3",
        "ref": "B 7",
        "sidewalk:left": "no",
        "sidewalk:right": "separate",
        "surface": "asphalt",
        "turn:lanes": "left|left|through|through|right",
        "wikipedia": "de:Friedrich-Engels-Allee",
        "zone:traffic": "DE:urban"
      },
      "geometry": {
        "type": "LineString",
        "coordinates": [
          [
            7.1965179,
            51.2693141
          ],
          [
            7.1967463,
            51.2693925
          ]
        ]
      }
    },
    {
      "type": "Feature",
      "properties": {
        "osmWayId": 1259587006,
        "highway": "primary",
        "lanes": "2",
        "lit": "yes",
        "maxspeed": "50",
        "name": "Friedrich-Engels-Allee",
        "oneway": "yes",
        "parking:both": "no",
        "ref": "B 7",
        "sidewalk:left": "no",
        "sidewalk:right": "separate",
        "smoothness": "good",
        "surface": "asphalt",
        "wikipedia": "de:Friedrich-Engels-Allee",
        "zone:traffic": "DE:urban"
      },
      "geometry": {
        "type": "LineString",
        "coordinates": [
          [
            7.1963663,
            51.2695197
          ],
          [
            7.1958208,
            51.269262
          ],
          [
            7.1950037,
            51.2689121
          ]
        ]
      }
    },
    {
      "type": "Feature",
      "properties": {
        "osmWayId": 1259587007,
        "highway": "primary",
        "lanes": "2",
        "lit": "yes",
        "maxspeed": "50",
        "name": "Friedrich-Engels-Allee",
        "oneway": "yes",
        "parking:both": "no",
        "ref": "B 7",
        "sidewalk": "right",
        "smoothness": "good",
        "surface": "asphalt",
        "wikipedia": "de:Friedrich-Engels-Allee",
        "zone:traffic": "DE:urban"
      },
      "geometry": {
        "type": "LineString",
        "coordinates": [
          [
            7.1965226,
            51.2695852
          ],
          [
            7.1963663,
            51.2695197
          ]
        ]
      }
    },
    {
      "type": "Feature",
      "properties": {
        "osmWayId": 1263629019,
        "bicycle:lanes": "yes|yes|yes",
        "bus:lanes": "yes|yes|designated",
        "cycleway:right": "share_busway",
        "foot": "no",
        "highway": "primary",
        "lanes": "3",
        "lit": "yes",
        "maxspeed": "50",
        "name": "Bundesallee",
        "oneway": "yes",
        "ref": "B 7",
        "sidewalk": "right",
        "surface": "asphalt",
        "taxi:lanes": "yes|yes|yes",
        "vehicle:lanes": "yes|yes|no"
      },
      "geometry": {
        "type": "LineString",
        "coordinates": [
          [
            7.1407765,
            51.254651
          ],
          [
            7.1406529,
            51.2546413
          ],
          [
            7.1405224,
            51.2546311
          ]
        ]
      }
    },
    {
      "type": "Feature",
      "properties": {
        "osmWayId": 1264705791,
        "highway": "primary",
        "lanes": "2",
        "lit": "yes",
        "maxspeed": "50",
        "name": "Düsseldorfer Straße",
        "oneway": "yes",
        "ref": "B 7",
        "sidewalk:left": "no",
        "sidewalk:right": "separate",
        "surface": "asphalt"
      },
      "geometry": {
        "type": "LineString",
        "coordinates": [
          [
            7.0908798,
            51.256098
          ],
          [
            7.0910496,
            51.2560492
          ],
          [
            7.0912802,
            51.2560023
          ],
          [
            7.0914615,
            51.2559681
          ]
        ]
      }
    },
    {
      "type": "Feature",
      "properties": {
        "osmWayId": 1303614997,
        "cycleway:both": "no",
        "highway": "primary",
        "lanes": "4",
        "lanes:backward": "2",
        "lanes:forward": "2",
        "lit": "yes",
        "maxspeed": "50",
        "name": "Varresbecker Straße",
        "ref": "B 7",
        "sidewalk": "right",
        "sidewalk:both:surface": "paving_stones",
        "surface": "asphalt",
        "turn:lanes:forward": "left|through"
      },
      "geometry": {
        "type": "LineString",
        "coordinates": [
          [
            7.103154,
            51.2498971
          ],
          [
            7.1032335,
            51.2500885
          ],
          [
            7.1032773,
            51.2501881
          ]
        ]
      }
    },
    {
      "type": "Feature",
      "properties": {
        "osmWayId": 1307784513,
        "check_date:lit": "2025-12-09",
        "cycleway:right": "no",
        "highway": "primary",
        "lanes": "4",
        "lit": "yes",
        "maxspeed": "30",
        "name": "Berliner Straße",
        "oneway": "yes",
        "ref": "B 7",
        "sidewalk": "right",
        "sidewalk:right:surface": "paving_stones",
        "surface": "asphalt",
        "turn:lanes": "left|through|through|right"
      },
      "geometry": {
        "type": "LineString",
        "coordinates": [
          [
            7.2240979,
            51.2753053
          ],
          [
            7.22346,
            51.2753863
          ]
        ]
      }
    },
    {
      "type": "Feature",
      "properties": {
        "osmWayId": 1321492910,
        "check_date:lit": "2025-12-09",
        "cycleway:right": "no",
        "foot": "no",
        "highway": "primary",
        "lanes": "2",
        "lit": "yes",
        "maxspeed": "50",
        "name": "Berliner Straße",
        "oneway": "yes",
        "ref": "B 7",
        "sidewalk": "no",
        "surface": "asphalt"
      },
      "geometry": {
        "type": "LineString",
        "coordinates": [
          [
            7.2287083,
            51.2755256
          ],
          [
            7.2289348,
            51.2755787
          ]
        ]
      }
    },
    {
      "type": "Feature",
      "properties": {
        "osmWayId": 1321492978,
        "check_date:lit": "2025-12-09",
        "cycleway:right": "track",
        "highway": "primary",
        "lanes": "2",
        "lit": "yes",
        "maxspeed": "30",
        "name": "Berliner Straße",
        "oneway": "yes",
        "ref": "B 7",
        "sidewalk:left": "no",
        "sidewalk:right": "separate",
        "sidewalk:right:surface": "paving_stones",
        "smoothness": "good",
        "surface": "asphalt",
        "turn:lanes": "left;through|through;right"
      },
      "geometry": {
        "type": "LineString",
        "coordinates": [
          [
            7.2211627,
            51.275278
          ],
          [
            7.2215353,
            51.2752714
          ]
        ]
      }
    },
    {
      "type": "Feature",
      "properties": {
        "osmWayId": 1321493053,
        "highway": "primary",
        "lanes": "2",
        "lit": "yes",
        "maxspeed": "50",
        "name": "Berliner Straße",
        "name:etymology:wikidata": "Q64",
        "oneway": "yes",
        "ref": "B 7",
        "sidewalk": "right",
        "sidewalk:right:surface": "paving_stones",
        "surface": "asphalt"
      },
      "geometry": {
        "type": "LineString",
        "coordinates": [
          [
            7.2111526,
            51.274152
          ],
          [
            7.2112798,
            51.274164
          ],
          [
            7.2113238,
            51.2741685
          ],
          [
            7.211589,
            51.2741958
          ]
        ]
      }
    },
    {
      "type": "Feature",
      "properties": {
        "osmWayId": 1321866123,
        "check_date:cycleway": "2022-10-29",
        "cycleway:both": "no",
        "highway": "primary",
        "lanes": "4",
        "lanes:backward": "2",
        "lanes:forward": "2",
        "lit": "yes",
        "maxspeed": "50",
        "name": "Friedrich-Engels-Allee",
        "parking:left": "no",
        "parking:right": "on_kerb",
        "parking:right:orientation": "parallel",
        "ref": "B 7",
        "sidewalk": "both",
        "sidewalk:both:surface": "asphalt",
        "surface": "asphalt",
        "wikipedia": "de:Friedrich-Engels-Allee"
      },
      "geometry": {
        "type": "LineString",
        "coordinates": [
          [
            7.1728559,
            51.2615813
          ],
          [
            7.1731243,
            51.2616662
          ]
        ]
      }
    },
    {
      "type": "Feature",
      "properties": {
        "osmWayId": 1321866124,
        "check_date:cycleway": "2022-10-29",
        "cycleway:both": "no",
        "highway": "primary",
        "lanes": "4",
        "lanes:backward": "2",
        "lanes:forward": "2",
        "lit": "yes",
        "maxspeed": "50",
        "name": "Friedrich-Engels-Allee",
        "parking:both": "on_kerb",
        "parking:both:orientation": "parallel",
        "ref": "B 7",
        "sidewalk": "both",
        "sidewalk:both:surface": "asphalt",
        "surface": "asphalt",
        "wikipedia": "de:Friedrich-Engels-Allee"
      },
      "geometry": {
        "type": "LineString",
        "coordinates": [
          [
            7.1731243,
            51.2616662
          ],
          [
            7.173356,
            51.2617395
          ]
        ]
      }
    },
    {
      "type": "Feature",
      "properties": {
        "osmWayId": 1321866291,
        "cycleway:both": "no",
        "highway": "primary",
        "lanes": "4",
        "lanes:backward": "2",
        "lanes:forward": "2",
        "lit": "yes",
        "maxspeed": "50",
        "name": "Friedrich-Engels-Allee",
        "parking:both": "no",
        "ref": "B 7",
        "sidewalk": "both",
        "surface": "asphalt",
        "wikipedia": "de:Friedrich-Engels-Allee"
      },
      "geometry": {
        "type": "LineString",
        "coordinates": [
          [
            7.1714286,
            51.2611251
          ],
          [
            7.1716828,
            51.2612062
          ],
          [
            7.1718697,
            51.2612658
          ]
        ]
      }
    },
    {
      "type": "Feature",
      "properties": {
        "osmWayId": 1321866399,
        "cycleway:both": "no",
        "highway": "primary",
        "lanes": "3",
        "lit": "yes",
        "maxspeed": "50",
        "name": "Friedrich-Engels-Allee",
        "oneway": "yes",
        "parking:both": "no",
        "ref": "B 7",
        "sidewalk:left": "no",
        "sidewalk:right": "separate",
        "surface": "asphalt",
        "turn:lanes": "left|through|through",
        "wikipedia": "de:Friedrich-Engels-Allee"
      },
      "geometry": {
        "type": "LineString",
        "coordinates": [
          [
            7.1684487,
            51.2598896
          ],
          [
            7.167949,
            51.2595331
          ],
          [
            7.1678462,
            51.2594545
          ],
          [
            7.167616,
            51.2592783
          ]
        ]
      }
    },
    {
      "type": "Feature",
      "properties": {
        "osmWayId": 1321866446,
        "cycleway:both": "no",
        "highway": "primary",
        "lanes": "2",
        "lit": "yes",
        "maxspeed": "50",
        "name": "Friedrich-Engels-Allee",
        "oneway": "yes",
        "parking:both": "no",
        "ref": "B 7",
        "sidewalk:left": "no",
        "sidewalk:right": "separate",
        "surface": "asphalt",
        "wikipedia": "de:Friedrich-Engels-Allee"
      },
      "geometry": {
        "type": "LineString",
        "coordinates": [
          [
            7.169083,
            51.2601095
          ],
          [
            7.1694165,
            51.2603073
          ],
          [
            7.1694648,
            51.2603362
          ],
          [
            7.1696343,
            51.2604351
          ],
          [
            7.1701252,
            51.2607093
          ]
        ]
      }
    },
    {
      "type": "Feature",
      "properties": {
        "osmWayId": 1321866541,
        "cycleway:both": "no",
        "highway": "primary",
        "lanes": "2",
        "lit": "yes",
        "maxspeed": "50",
        "name": "Friedrich-Engels-Allee",
        "oneway": "yes",
        "parking:both": "no",
        "ref": "B 7",
        "sidewalk:left": "no",
        "sidewalk:right": "separate",
        "surface": "asphalt",
        "wikipedia": "de:Friedrich-Engels-Allee"
      },
      "geometry": {
        "type": "LineString",
        "coordinates": [
          [
            7.1674955,
            51.2589625
          ],
          [
            7.1676545,
            51.2590774
          ],
          [
            7.1677057,
            51.2591144
          ]
        ]
      }
    },
    {
      "type": "Feature",
      "properties": {
        "osmWayId": 1358239518,
        "alt_name": "Einschienige Hängebahn System Eugen Langen",
        "bridge": "yes",
        "electrified": "rail",
        "frequency": "0",
        "layer": "3",
        "level": "2",
        "monorail": "hanging",
        "name": "Schwebebahn",
        "operator": "WSW mobil GmbH",
        "operator:wikidata": "Q44880072",
        "railway": "monorail",
        "railway:etcs": "2",
        "railway:radio": "TETRA",
        "tracks": "2",
        "voltage": "750"
      },
      "geometry": {
        "type": "LineString",
        "coordinates": [
          [
            7.14842,
            51.2559198
          ],
          [
            7.1486504,
            51.2560252
          ]
        ]
      }
    },
    {
      "type": "Feature",
      "properties": {
        "osmWayId": 1358239519,
        "alt_name": "Einschienige Hängebahn System Eugen Langen",
        "bridge": "yes",
        "covered": "yes",
        "electrified": "rail",
        "frequency": "0",
        "layer": "2",
        "level": "2",
        "monorail": "hanging",
        "name": "Schwebebahn",
        "railway": "monorail",
        "railway:etcs": "2",
        "railway:radio": "TETRA",
        "tracks": "2",
        "voltage": "750"
      },
      "geometry": {
        "type": "LineString",
        "coordinates": [
          [
            7.1481704,
            51.2558089
          ],
          [
            7.1481913,
            51.2558163
          ]
        ]
      }
    },
    {
      "type": "Feature",
      "properties": {
        "osmWayId": 1358239520,
        "alt_name": "Einschienige Hängebahn System Eugen Langen",
        "bridge": "yes",
        "electrified": "rail",
        "frequency": "0",
        "layer": "2",
        "level": "2",
        "monorail": "hanging",
        "name": "Schwebebahn",
        "operator": "WSW mobil GmbH",
        "operator:wikidata": "Q44880072",
        "railway": "monorail",
        "railway:etcs": "2",
        "railway:radio": "TETRA",
        "tracks": "2",
        "voltage": "750"
      },
      "geometry": {
        "type": "LineString",
        "coordinates": [
          [
            7.1486504,
            51.2560252
          ],
          [
            7.1489592,
            51.2561725
          ],
          [
            7.1491395,
            51.2562493
          ],
          [
            7.1493191,
            51.2563252
          ],
          [
            7.149517,
            51.2563873
          ],
          [
            7.1497102,
            51.2564475
          ],
          [
            7.1501157,
            51.2565488
          ],
          [
            7.1505254,
            51.2566433
          ],
          [
            7.1509519,
            51.256741
          ],
          [
            7.151348,
            51.2568159
          ],
          [
            7.1517421,
            51.2568438
          ],
          [
            7.152137,
            51.256831
          ],
          [
            7.1525207,
            51.256778
          ],
          [
            7.1528869,
            51.2566837
          ],
          [
            7.1532209,
            51.2565544
          ],
          [
            7.1534195,
            51.2564502
          ],
          [
            7.1538265,
            51.2561866
          ],
          [
            7.1539604,
            51.2560999
          ],
          [
            7.1541104,
            51.2559984
          ],
          [
            7.1543363,
            51.255832
          ]
        ]
      }
    },
    {
      "type": "Feature",
      "properties": {
        "osmWayId": 1358239521,
        "alt_name": "Einschienige Hängebahn System Eugen Langen",
        "bridge": "yes",
        "electrified": "rail",
        "frequency": "0",
        "layer": "2",
        "level": "2",
        "monorail": "hanging",
        "name": "Schwebebahn",
        "operator": "WSW mobil GmbH",
        "operator:wikidata": "Q44880072",
        "railway": "monorail",
        "railway:etcs": "2",
        "railway:radio": "TETRA",
        "tracks": "2",
        "voltage": "750"
      },
      "geometry": {
        "type": "LineString",
        "coordinates": [
          [
            7.1543363,
            51.255832
          ],
          [
            7.1544227,
            51.2557615
          ],
          [
            7.1545268,
            51.2556763
          ],
          [
            7.1546015,
            51.2556089
          ],
          [
            7.1546754,
            51.2555427
          ]
        ]
      }
    },
    {
      "type": "Feature",
      "properties": {
        "osmWayId": 1358240099,
        "alt_name": "Einschienige Hängebahn System Eugen Langen",
        "electrified": "rail",
        "frequency": "0",
        "layer": "2",
        "level": "2",
        "monorail": "hanging",
        "name": "Schwebebahn",
        "oneway": "yes",
        "railway": "monorail",
        "railway:etcs": "2",
        "tunnel": "building_passage",
        "voltage": "750"
      },
      "geometry": {
        "type": "LineString",
        "coordinates": [
          [
            7.2228924,
            51.2747781
          ],
          [
            7.2228727,
            51.2747781
          ]
        ]
      }
    },
    {
      "type": "Feature",
      "properties": {
        "osmWayId": 1358240100,
        "alt_name": "Einschienige Hängebahn System Eugen Langen",
        "electrified": "rail",
        "frequency": "0",
        "layer": "2",
        "level": "2",
        "monorail": "hanging",
        "name": "Schwebebahn",
        "oneway": "yes",
        "railway": "monorail",
        "railway:etcs": "2",
        "tunnel": "building_passage",
        "voltage": "750"
      },
      "geometry": {
        "type": "LineString",
        "coordinates": [
          [
            7.2228436,
            51.2746406
          ],
          [
            7.2228688,
            51.2746369
          ]
        ]
      }
    },
    {
      "type": "Feature",
      "properties": {
        "osmWayId": 1395042900,
        "highway": "primary",
        "lanes": "2",
        "lit": "yes",
        "maxspeed": "50",
        "name": "Friedrich-Engels-Allee",
        "oneway": "yes",
        "parking:both": "no",
        "ref": "B 7",
        "sidewalk": "right",
        "smoothness": "good",
        "surface": "asphalt",
        "wikipedia": "de:Friedrich-Engels-Allee",
        "zone:traffic": "DE:urban"
      },
      "geometry": {
        "type": "LineString",
        "coordinates": [
          [
            7.1950037,
            51.2689121
          ],
          [
            7.1945519,
            51.2687334
          ]
        ]
      }
    },
    {
      "type": "Feature",
      "properties": {
        "osmWayId": 1395079579,
        "check_date:lit": "2025-12-09",
        "cycleway:right": "track",
        "foot": "no",
        "highway": "primary",
        "lanes": "3",
        "lit": "yes",
        "maxspeed": "30",
        "name": "Berliner Straße",
        "oneway": "yes",
        "placement": "right_of:2",
        "ref": "B 7",
        "sidewalk:left": "no",
        "sidewalk:right": "separate",
        "surface": "asphalt",
        "turn:lanes": "left|through|through;right"
      },
      "geometry": {
        "type": "LineString",
        "coordinates": [
          [
            7.2221018,
            51.275306
          ],
          [
            7.2224013,
            51.275322
          ]
        ]
      }
    },
    {
      "type": "Feature",
      "properties": {
        "osmWayId": 1408270739,
        "cycleway:left": "no",
        "cycleway:right": "share_busway",
        "destination:colour:lanes": "white;white|white;white|;white;white|;white;white|;white;white",
        "destination:lanes": "Universität;Historische Stadthalle|Universität;Historische Stadthalle|Mettmann;Zoo;Sonnborn|Mettmann;Zoo;Sonnborn|Mettmann;Zoo;Sonnborn",
        "destination:ref:lanes": "||B 7|B 7|B 7",
        "destination:ref:to:lanes": "A 1;A 46|A 1;A 46|||",
        "foot": "no",
        "highway": "primary",
        "lanes": "5",
        "lanes:psv": "1",
        "lit": "yes",
        "maxspeed": "50",
        "maxspeed:type": "DE:urban",
        "name": "Bundesallee",
        "oneway": "yes",
        "parking:both": "no",
        "psv:lanes": "yes|yes|yes|yes|designated",
        "ref": "B 7",
        "shoulder": "no",
        "sidewalk": "no",
        "smoothness": "good",
        "surface": "asphalt",
        "turn:lanes": "left|left|through|through|through",
        "zone:traffic": "DE:urban"
      },
      "geometry": {
        "type": "LineString",
        "coordinates": [
          [
            7.1468718,
            51.2550905
          ],
          [
            7.1467535,
            51.2550744
          ]
        ]
      }
    },
    {
      "type": "Feature",
      "properties": {
        "osmWayId": 1411824852,
        "bus:lanes": "yes|yes|designated",
        "cycleway:right": "no",
        "foot": "no",
        "highway": "primary",
        "lanes": "3",
        "lit": "yes",
        "maxspeed": "50",
        "name": "Friedrich-Engels-Allee",
        "oneway": "yes",
        "ref": "B 7",
        "sidewalk": "right",
        "surface": "asphalt",
        "vehicle:lanes": "yes|yes|no",
        "wikipedia": "de:Friedrich-Engels-Allee",
        "zone:traffic": "DE:urban"
      },
      "geometry": {
        "type": "LineString",
        "coordinates": [
          [
            7.1639673,
            51.2571588
          ],
          [
            7.1640302,
            51.257182
          ],
          [
            7.1644356,
            51.2573314
          ]
        ]
      }
    },
    {
      "type": "Feature",
      "properties": {
        "osmWayId": 1413562550,
        "cycleway:both": "no",
        "highway": "primary",
        "lanes": "4",
        "lanes:backward": "2",
        "lanes:forward": "2",
        "lit": "yes",
        "maxspeed": "50",
        "name": "Friedrich-Engels-Allee",
        "ref": "B 7",
        "sidewalk": "both",
        "sidewalk:both:surface": "paving_stones",
        "surface": "asphalt",
        "wikipedia": "de:Friedrich-Engels-Allee"
      },
      "geometry": {
        "type": "LineString",
        "coordinates": [
          [
            7.1750377,
            51.2622785
          ],
          [
            7.1757983,
            51.2625162
          ]
        ]
      }
    },
    {
      "type": "Feature",
      "properties": {
        "osmWayId": 1415654791,
        "cycleway:both": "no",
        "highway": "primary",
        "lanes": "3",
        "lit": "yes",
        "maxspeed": "50",
        "name": "Bundesallee",
        "oneway": "yes",
        "parking:left": "no",
        "parking:right": "separate",
        "ref": "B 7",
        "sidewalk": "right",
        "surface": "asphalt"
      },
      "geometry": {
        "type": "LineString",
        "coordinates": [
          [
            7.1551066,
            51.2562841
          ],
          [
            7.1545899,
            51.2562851
          ]
        ]
      }
    },
    {
      "type": "Feature",
      "properties": {
        "osmWayId": 1415654792,
        "cycleway:both": "no",
        "highway": "primary",
        "lanes": "2",
        "lit": "yes",
        "maxspeed": "50",
        "name": "Bundesallee",
        "oneway": "yes",
        "parking:both": "no",
        "ref": "B 7",
        "sidewalk": "right",
        "sidewalk:right:surface": "paving_stones",
        "surface": "asphalt"
      },
      "geometry": {
        "type": "LineString",
        "coordinates": [
          [
            7.1565675,
            51.2563084
          ],
          [
            7.1562645,
            51.2563029
          ]
        ]
      }
    },
    {
      "type": "Feature",
      "properties": {
        "osmWayId": 1425725493,
        "cycleway:both": "lane",
        "cycleway:lanes": "lane|none|none|lane",
        "highway": "primary",
        "lanes": "3",
        "lanes:forward": "1",
        "lit": "yes",
        "maxspeed": "50",
        "motor_vehicle:lanes": "no|yes|yes|no",
        "name": "Varresbecker Straße",
        "ref": "B 7",
        "sidewalk": "both",
        "surface": "asphalt",
        "turn:lanes": "none|merge_to_right|none"
      },
      "geometry": {
        "type": "LineString",
        "coordinates": [
          [
            7.1040957,
            51.2522674
          ],
          [
            7.1041414,
            51.2524176
          ]
        ]
      }
    },
    {
      "type": "Feature",
      "properties": {
        "osmWayId": 1427216194,
        "cycleway:both": "no",
        "highway": "primary",
        "lanes": "2",
        "lit": "yes",
        "maxheight": "default",
        "maxspeed": "50",
        "name": "Varresbecker Straße",
        "ref": "B 7",
        "sidewalk": "both",
        "sidewalk:both:surface": "paving_stones",
        "surface": "asphalt"
      },
      "geometry": {
        "type": "LineString",
        "coordinates": [
          [
            7.1033066,
            51.2485314
          ],
          [
            7.1032635,
            51.248571
          ],
          [
            7.102961,
            51.2488381
          ],
          [
            7.1029004,
            51.24896
          ],
          [
            7.1028628,
            51.2490647
          ],
          [
            7.102863,
            51.2491727
          ]
        ]
      }
    },
    {
      "type": "Feature",
      "properties": {
        "osmWayId": 1450328700,
        "cycleway": "lane",
        "highway": "primary",
        "lanes": "2",
        "lit": "yes",
        "maxspeed": "50",
        "name": "Friedrich-Ebert-Straße",
        "name:etymology:wikidata": "Q2646",
        "name:etymology:wikipedia": "de:Friedrich Ebert",
        "postal_code": "42117",
        "ref": "B 7",
        "sidewalk": "both",
        "surface": "asphalt",
        "wikidata": "Q1457731",
        "wikipedia": "de:Friedrich-Ebert-Straße (Wuppertal)"
      },
      "geometry": {
        "type": "LineString",
        "coordinates": [
          [
            7.130182,
            51.2520143
          ],
          [
            7.1303568,
            51.252098
          ],
          [
            7.1304659,
            51.2521491
          ]
        ]
      }
    },
    {
      "type": "Feature",
      "properties": {
        "osmWayId": 1460769141,
        "cycleway:both": "no",
        "highway": "primary",
        "lanes": "2",
        "lit": "yes",
        "maxspeed": "50",
        "name": "Höhne",
        "oneway": "yes",
        "ref": "B 7",
        "sidewalk:left": "no",
        "sidewalk:right": "separate",
        "surface": "asphalt"
      },
      "geometry": {
        "type": "LineString",
        "coordinates": [
          [
            7.2051365,
            51.2715123
          ],
          [
            7.2049221,
            51.2714571
          ],
          [
            7.204567,
            51.2713694
          ],
          [
            7.2044819,
            51.2713523
          ],
          [
            7.204223,
            51.2713084
          ],
          [
            7.204106,
            51.271284
          ]
        ]
      }
    },
    {
      "type": "Feature",
      "properties": {
        "osmWayId": 1460769143,
        "highway": "primary",
        "lanes": "2",
        "lit": "yes",
        "maxspeed": "50",
        "name": "Höhne",
        "oneway": "yes",
        "ref": "B 7",
        "sidewalk:left": "no",
        "sidewalk:right": "separate",
        "sidewalk:right:surface": "paving_stones",
        "surface": "asphalt"
      },
      "geometry": {
        "type": "LineString",
        "coordinates": [
          [
            7.2036159,
            51.2710136
          ],
          [
            7.2038509,
            51.271073
          ],
          [
            7.2041883,
            51.2711555
          ],
          [
            7.2043327,
            51.2712051
          ]
        ]
      }
    },
    {
      "type": "Feature",
      "properties": {
        "osmWayId": 1483006123,
        "highway": "primary",
        "lanes": "3",
        "lit": "yes",
        "maxspeed": "50",
        "name": "Bundesallee",
        "oneway": "yes",
        "ref": "B 7",
        "sidewalk": "right",
        "surface": "asphalt"
      },
      "geometry": {
        "type": "LineString",
        "coordinates": [
          [
            7.144396,
            51.2547842
          ],
          [
            7.1442554,
            51.2547763
          ]
        ]
      }
    },
    {
      "type": "Feature",
      "properties": {
        "osmWayId": 1483006124,
        "highway": "primary",
        "lanes": "3",
        "lit": "yes",
        "maxspeed": "50",
        "name": "Bundesallee",
        "oneway": "yes",
        "ref": "B 7",
        "sidewalk": "right",
        "surface": "asphalt"
      },
      "geometry": {
        "type": "LineString",
        "coordinates": [
          [
            7.1425366,
            51.2547394
          ],
          [
            7.1422394,
            51.2547292
          ]
        ]
      }
    },
    {
      "type": "Feature",
      "properties": {
        "osmWayId": 1483006127,
        "cycleway:left": "no",
        "cycleway:right": "separate",
        "destination:colour:lanes": "white|;white;white|;white;white|;white;white|white;white",
        "destination:lanes": "Hauptbahnhof|Mettmann;Universität;Historische Stadthalle|Mettmann;Universität;Historische Stadthalle|Mettmann;Universität;Historische Stadthalle|Rathaus-Elberfeld;Elberfeld-Zentrum",
        "destination:ref:lanes": "|B 7|B 7|B 7|",
        "destination:ref:to:lanes": "|A 46|A 46|A 46|A 46",
        "destination:symbol:lanes": "train_station||||",
        "destination:to:lanes": "|Düsseldorf|Düsseldorf|Düsseldorf|Dortmund",
        "highway": "primary",
        "lanes": "5",
        "lit": "yes",
        "maxspeed": "50",
        "maxspeed:type": "DE:urban",
        "name": "Bundesallee",
        "oneway": "yes",
        "ref": "B 7",
        "sidewalk:left": "no",
        "sidewalk:right": "separate",
        "smoothness": "good",
        "surface": "asphalt",
        "turn:lanes": "left|through|through|through|right",
        "zone:traffic": "DE:urban"
      },
      "geometry": {
        "type": "LineString",
        "coordinates": [
          [
            7.1513195,
            51.2563019
          ],
          [
            7.1512355,
            51.2562983
          ],
          [
            7.1511582,
            51.2562905
          ],
          [
            7.1509214,
            51.2562568
          ]
        ]
      }
    },
    {
      "type": "Feature",
      "properties": {
        "osmWayId": 1483006128,
        "cycleway:left": "no",
        "cycleway:right": "separate",
        "destination:colour:lanes": "white|;white;white|;white;white|;white;white|white;white",
        "destination:lanes": "Hauptbahnhof|Mettmann;Universität;Historische Stadthalle|Mettmann;Universität;Historische Stadthalle|Mettmann;Universität;Historische Stadthalle|Rathaus-Elberfeld;Elberfeld-Zentrum",
        "destination:ref:lanes": "|B 7|B 7|B 7|",
        "destination:ref:to:lanes": "|A 46|A 46|A 46|A 46",
        "destination:symbol:lanes": "train_station||||",
        "destination:to:lanes": "|Düsseldorf|Düsseldorf|Düsseldorf|Dortmund",
        "highway": "primary",
        "lanes": "5",
        "lit": "yes",
        "maxspeed": "50",
        "maxspeed:type": "DE:urban",
        "name": "Bundesallee",
        "oneway": "yes",
        "ref": "B 7",
        "sidewalk:left": "no",
        "sidewalk:right": "separate",
        "smoothness": "good",
        "surface": "asphalt",
        "turn:lanes": "left|through|through|through|right",
        "zone:traffic": "DE:urban"
      },
      "geometry": {
        "type": "LineString",
        "coordinates": [
          [
            7.1521065,
            51.2562977
          ],
          [
            7.1518884,
            51.2563063
          ]
        ]
      }
    },
    {
      "type": "Feature",
      "properties": {
        "osmWayId": 1483006134,
        "cycleway:both": "no",
        "highway": "primary",
        "lanes": "2",
        "lit": "yes",
        "maxspeed": "50",
        "name": "Bundesallee",
        "oneway": "yes",
        "parking:left": "no",
        "parking:right": "shoulder",
        "parking:right:orientation": "parallel",
        "ref": "B 7",
        "sidewalk": "right",
        "sidewalk:right:surface": "paving_stones",
        "surface": "asphalt"
      },
      "geometry": {
        "type": "LineString",
        "coordinates": [
          [
            7.1562645,
            51.2563029
          ],
          [
            7.1562263,
            51.2563024
          ]
        ]
      }
    },
    {
      "type": "Feature",
      "properties": {
        "osmWayId": 1483006135,
        "cycleway:both": "no",
        "highway": "primary",
        "lanes": "3",
        "lit": "yes",
        "maxspeed": "50",
        "name": "Bundesallee",
        "oneway": "yes",
        "parking:right": "separate",
        "ref": "B 7",
        "sidewalk": "right",
        "surface": "asphalt"
      },
      "geometry": {
        "type": "LineString",
        "coordinates": [
          [
            7.1545899,
            51.2562851
          ],
          [
            7.1545455,
            51.2562852
          ]
        ]
      }
    },
    {
      "type": "Feature",
      "properties": {
        "osmWayId": 1511901029,
        "cycleway:both": "no",
        "highway": "primary",
        "lanes": "2",
        "lit": "yes",
        "maxspeed": "50",
        "maxspeed:type": "DE:urban",
        "name": "Friedrich-Engels-Allee",
        "oneway": "yes",
        "parking:right": "on_kerb",
        "parking:right:orientation": "parallel",
        "ref": "B 7",
        "sidewalk": "right",
        "surface": "asphalt",
        "wikipedia": "de:Friedrich-Engels-Allee",
        "zone:traffic": "DE:urban"
      },
      "geometry": {
        "type": "LineString",
        "coordinates": [
          [
            7.162024,
            51.25661
          ],
          [
            7.1618081,
            51.2565321
          ],
          [
            7.1615543,
            51.256455
          ],
          [
            7.1613676,
            51.2564082
          ]
        ]
      }
    }
  ]
}
